PuzzleId,FEN,Moves,Rating,RatingDeviation,Popularity,NbPlays,Themes,GameUrl,OpeningTags
0000D,5rk1/1p3ppp/pq3b2/8/8/1P1Q1N2/P4PPP/3R2K1 w - - 2 27,d3d6 f8d8 d6d8 f6d8,1442,74,96,33118,advantage endgame short,https://lichess.org/F8M8OS71#53,
0008Q,8/4R3/1p2P3/p4r2/P6p/1P3Pk1/4K3/8 w - - 1 64,e7f7 f5e5 e2f1 e5e6,1358,76,91,719,advantage endgame rookEndgame short,https://lichess.org/MQSyb3KW#127,
000VW,r4r2/1p3pkp/p5p1/3R1N1Q/3P4/8/P1q2P2/3R2K1 b - - 3 25,g6f5 d5c5 c2e4 h5g5 g7h8 g5f6,2854,107,85,257,crushing endgame long,https://lichess.org/e9AY2m5j/black#50,
000Vc,8/8/4k1p1/2KpP2p/5PP1/8/8/8 w - - 0 53,g4h5 g6h5 f4f5 e6e5 f5f6 e5f6,1615,79,75,105,crushing endgame long pawnEndgame,https://lichess.org/l6AejDMO#105,
000Zo,4r3/1k6/pp3r2/1b2P2p/3R1p2/P1R2P2/1P4PP/6K1 w - - 0 35,e5f6 e8e1 g1f2 e1f1,1353,75,86,628,endgame mate mateIn2 short,https://lichess.org/n8Ff742v#69,
000o3,8/2p1k3/6p1/1p1P1p2/1P3P2/3K2Pp/7P/8 b - - 1 43,e7d6 d3d4 g6g5 f4g5,949,77,87,181,crushing endgame pawnEndgame short zugzwang,https://lichess.org/BAY91mF3/black#86,
000qP,8/7R/8/5p2/4bk1P/8/2r2K2/6R1 w - - 7 51,f2f1 f4f3 f1e1 c2c1 e1d2 c1g1,2041,77,92,905,crushing endgame exposedKing long skewer,https://lichess.org/r4xUR6fC#101,
000rO,3R4/8/K7/pB2b3/1p6/1P2k3/3p4/8 w - - 4 58,a6a5 e5c7 a5b4 c7d8,1110,82,85,69,crushing endgame fork master short,https://lichess.org/tzeeBEc2#115,
0018S,2kr3r/pp3p2/4p2p/1N1p2p1/3Q4/1P1P4/2q2PPP/5RK1 b - - 1 20,b7b6 d4a1 a7a5 f1c1,2606,118,90,1792,advantage endgame pin short,https://lichess.org/H1ARO2GL/black#40,
001Hi,6k1/pp1r1pp1/1qp1p2p/4P2P/5Q2/1P4R1/P1Pr1PP1/R5K1 b - - 4 23,b6d4 f4f6 d4f2 f6f2 d2f2 g1f2,2389,115,58,18,advantage endgame long pin,https://lichess.org/tUkE0z1z/black#46,
001Wz,4r1k1/5ppp/r1p5/p1n1RP2/8/2P2N1P/2P3P1/3R2K1 b - - 0 21,e8e5 d1d8 e5e8 d8e8,1120,82,89,80,backRankMate endgame mate mateIn2 short,https://lichess.org/84RH3LaP/black#42,
001aK,6k1/5p2/4p3/P1B5/2P4P/4Pnp1/Rb1rN3/5K2 b - - 1 33,d2e2 f1e2 g3g2 e3e4 f3d4 e2f2,1994,76,92,241,crushing endgame hangingPiece long quietMove,https://lichess.org/Epr0AiEh/black#66,
001cr,8/3B2pp/p5k1/2p3P1/1p1p1K2/8/1P6/8 b - - 0 38,c5c4 d7e8,1595,81,93,1716,bishopEndgame endgame mate mateIn1 oneMove,https://lichess.org/7FFNwibw/black#76,
001m3,7r/6k1/2b1pp2/8/P1N3p1/5nP1/4RP2/Q4K2 w - - 2 38,e2e6 h8h1 f1e2 h1a1,1467,76,87,271,advantage endgame short skewer,https://lichess.org/LELOz22f#75,
001wR,6nr/pp3p1p/k1p5/8/1QN5/2P1P3/4KPqP/8 b - - 5 26,b7b5 b4a5 a6b7 c4d6 b7b8 a5d8,1157,76,93,2580,endgame long mate mateIn3,https://lichess.org/ruvbd9JW/black#52,
001xl,8/4R1k1/p5pp/3B4/5q2/8/5P1P/6K1 b - - 5 40,g7f6 e7f7 f6e5 f7f4,1157,83,94,11510,advantage endgame master masterVsMaster short skewer superGM,https://lichess.org/bEQkfPQD/black#80,
002CP,r5k1/pp4pp/4p1q1/4p3/3n4/P5P1/1PP2Q1P/2KR1R2 w - - 4 24,f2e3 g6c2,926,83,69,87,endgame mate mateIn1 oneMove queensideAttack,https://lichess.org/pHZnIFdb#47,
002Ds,8/1pp5/p2p4/P2Pk2p/1PP1p2P/2n1K2P/3N4/8 b - - 0 45,b7b6 b4b5 c3d1 e3e2 a6b5 a5a6,2018,75,90,107,crushing endgame knightEndgame long,https://lichess.org/2SrvOtZN/black#90,
002GQ,5rk1/5ppp/4p3/4N3/8/1Pn5/5PPP/5RK1 w - - 0 28,f1c1 c3e2 g1f1 e2c1,654,81,73,134,crushing endgame fork short,https://lichess.org/2K7g2pDT#55,
002Hv,8/8/8/3N2p1/5b2/3p3P/5kP1/3K4 w - - 16 56,d5f4 g5f4 h3h4 f2g2 h4h5 f4f3 d1d2 f3f2,1573,88,63,24,advancedPawn crushing endgame veryLong,https://lichess.org/rLJ8Hp1v#111,
002LF,7r/p2q1pk1/1pp3p1/8/6P1/4Q3/PP1R1P1r/5KN1 b - - 0 38,d7g4 e3e5 f7f6 e5c7 g7h6 c7h2,2181,81,89,470,advantage endgame interference long,https://lichess.org/md88dHiL/black#76,
002Uy,8/8/1p6/k7/P1R5/1K5r/8/8 w - - 26 64,c4c3 h3c3 b3c3 a5a4 c3b2 a4b4,1662,75,97,3870,crushing defensiveMove endgame long rookEndgame,https://lichess.org/sLU7YN1A#127,
002VP,8/6p1/2B1bn2/6k1/3B4/6K1/4P3/8 b - - 4 44,e6d5 d4f6 g5f5 c6d5,1420,79,38,132,crushing endgame short,https://lichess.org/7yJGEbUK/black#88,
002Z9,4r1k1/1p2R1p1/p2p2Pp/P1pP4/5q2/1R3p2/1P1Q3P/5B1K b - - 0 34,f4d2 e7e8,1237,99,69,50,endgame hangingPiece master mate mateIn1 oneMove,https://lichess.org/Ek4aENjD/black#68,
002bK,8/7p/2b1k3/p2p1pPB/1n1P3P/N1p1P3/4K3/8 b - - 1 42,c6b5 a3b5 c3c2 e2d2,1129,75,93,801,advantage endgame hangingPiece short,https://lichess.org/IFGj8W5s/black#84,
002vV,8/6k1/2R4p/5p1P/5P1K/6P1/8/r7 w - - 2 58,c6b6 a1h1,415,93,100,429,endgame master mate mateIn1 oneMove rookEndgame,https://lichess.org/KB7FAntf#115,
002xh,2nk4/8/2PBp1n1/1pK1P1p1/1P4P1/8/8/8 b - - 2 42,g6h4 c5b5 h4g2 b5a6 g2e3 a6b7,2099,98,54,32,crushing endgame long,https://lichess.org/TfRvsd3p/black#84,
00347,8/2p5/8/2pPk2p/8/4K2P/6P1/8 w - - 1 42,e3d3 h5h4 d3c4 e5d6,2250,76,87,120,crushing endgame pawnEndgame quietMove short,https://lichess.org/xFM0YP9S#83,
0039T,1r5r/p3kp2/4p2p/4P3/3R1Pp1/6P1/P1P4P/4K2R w K - 1 25,d4a4 b8b1 e1f2 b1h1 a4a7 e7f8,1023,88,94,791,crushing defensiveMove endgame long rookEndgame skewer,https://lichess.org/BrtVeJlj#49,
003IX,8/3pk3/R7/1R2Pp1p/2PPnKr1/8/8/8 w - - 4 43,f4f5 e4g3,1729,77,88,1809,endgame mate mateIn1 oneMove,https://lichess.org/576Btq56#85,
003Tx,2r5/pR5p/5p1k/4p3/4r3/B4nPP/PP3P2/1K2R3 w - - 0 27,e1e4 f3d2 b1a1 c8c1,1533,88,82,726,backRankMate endgame fork mate mateIn2 short,https://lichess.org/A7j9VEC0#53,
003UW,8/6pk/7p/2p5/2qp4/5PP1/P3QK1P/8 b - - 1 40,c4d5 e2e4 d5e4 f3e4,1502,75,94,897,advantage endgame queenEndgame short,https://lichess.org/cXMga3rb/black#80,
003aS,8/8/5k1p/6p1/1R4PP/1p2KP2/8/1r6 w - - 0 43,h4h5 b3b2 b4b6 f6e5 f3f4 g5f4,1959,76,92,175,advancedPawn crushing defensiveMove endgame long rookEndgame,https://lichess.org/I7ZktFeR#85,
003jv,1R6/1p2k2p/p2n2p1/4K3/8/6P1/P6P/8 w - - 10 37,b8h8 d6f7 e5e4 f7h8,1006,83,89,338,crushing endgame fork short,https://lichess.org/n0UvwK36#73,
00465,3r1Q1k/pp4pp/2p5/6q1/5R2/2P5/P1P2PPP/3rR1K1 b - - 8 27,d8f8 f4f8,513,92,100,236,backRankMate endgame mate mateIn1 oneMove queenRookEndgame,https://lichess.org/h21VtqGG/black#54,
0047P,8/1N3k2/6p1/8/2P3P1/pr6/R5K1/8 w - - 1 56,g2f1 b3b1 f1e2 b1b2 e2d1 b2a2,1769,75,86,90,crushing endgame exposedKing fork long master,https://lichess.org/Gb33KZKC#111,
0048h,4r3/p5k1/2p2R1p/2Pp4/1P1pr1P1/P6P/8/3R3K w - - 1 35,f6c6 e4e1 d1e1 e8e1 h1g2 d4d3,1221,75,97,1718,crushing endgame exposedKing long rookEndgame,https://lichess.org/dq15P00L#69,
004Ao,4qk2/1b3rR1/p7/1p2Q3/4P2P/P2P3K/2r5/3R4 w - - 5 41,g7f7 e8f7 e5h8 f8e7,1711,96,86,22,advantage endgame short,https://lichess.org/aFlzjb1K#81,
004Ax,8/8/4R1kp/p7/5rPK/8/7P/8 b - - 2 42,g6f7 e6h6 f4f6 h6h7 f7g6 h7a7,2000,75,92,560,crushing endgame exposedKing long rookEndgame,https://lichess.org/x2mMwVJD/black#84,
004JD,3r4/R7/2p5/p1P2p2/1p4k1/nP6/P2KNP2/8 w - - 3 41,d2e3 a3c2,1239,79,91,2754,endgame mate mateIn1 oneMove,https://lichess.org/6vTeEc3x#81,
004LZ,8/7R/5p2/p7/7P/2p5/3k2r1/1K2N3 w - - 3 48,e1g2 c3c2 b1a2 c2c1q h7d7 d2e2,1201,77,93,2033,advancedPawn crushing defensiveMove deflection endgame long promotion,https://lichess.org/drahwNdj#95,
004Lu,8/p1p4p/4Pk2/2PP1p1P/1r3r2/5B2/P3RK2/8 b - - 3 38,f6e7 d5d6 c7d6 c5d6 e7d6 e6e7,1170,75,100,571,advancedPawn advantage endgame exposedKing long master,https://lichess.org/WMeZuWza/black#76,
004RF,5rk1/5ppp/1p6/1qp2P1Q/3p3P/6R1/6PK/8 b - - 0 30,c5c4 g3g7 g8g7 f5f6 g7f6 h5b5,1746,78,82,52,attraction crushing discoveredAttack endgame long sacrifice,https://lichess.org/2UeWcE4h/black#60,
004X6,1r4k1/p4ppp/2Q5/3pq3/8/P6P/2PR1PP1/Rr4K1 w - - 1 26,a1b1 b8b1 d2d1 b1d1,1152,266,83,14,endgame mate mateIn2 short,https://lichess.org/wvPFkjF9#51,
004XI,8/3kqp2/4p3/p2p4/3P1P2/4P1rP/7r/1QR2K2 b - - 1 34,e7a3 b1b7 d7e8 c1c8,982,90,70,35,endgame mate mateIn2 short,https://lichess.org/54fnArpo/black#68,
004b0,5kB1/4b3/4P3/2p2P2/2b5/8/p7/B6K w - - 4 48,g8f7 e7g5 f5f6 g5e3 a1e5 e3f4 e5f4 a2a1q,2368,109,47,33,advancedPawn bishopEndgame crushing deflection endgame promotion quietMove veryLong,https://lichess.org/CJKIi1QJ#95,
004d8,8/4kr2/R2p4/1p1Pp1p1/5p2/3K1P2/PPP5/8 b - - 0 39,g5g4 a6a7 e7f6 a7f7 f6f7 f3g4,1608,78,87,103,crushing endgame long rookEndgame,https://lichess.org/FrR3BHbW/black#78,
004mT,5Q2/8/1b1kp1p1/5p2/3p4/5qPK/7P/8 b - - 1 51,d6c6 f8a8 c6d6 a8f3,1350,74,98,6960,advantage endgame short skewer,https://lichess.org/Jqhi4ozb/black#102,
004sY,8/2k3n1/3p2p1/1KpP2Pp/2P4P/7B/8/8 w - - 0 57,b5a6 c7d8 a6b5 g7f5,2191,95,68,32,crushing endgame short,https://lichess.org/sMrTPfXp#113,
004sg,6k1/p3b2p/1p1pP3/2p3P1/1Pnp3B/P6P/3Q3K/8 w - - 0 38,b4c5 c4d2 c5c6 d6d5 g5g6 e7d6,2340,95,91,1204,advantage clearance endgame hangingPiece long quietMove,https://lichess.org/pSRIvt7K#75,
004u0,6k1/ppq3pp/2p1rp2/4r3/4p1Q1/P5RP/1P3PP1/3R2K1 b - - 3 34,e6e8 d1d7 c7d7 g4d7,1364,74,93,1009,advantage endgame short,https://lichess.org/3gEqoQeQ/black#68,
004zI,2q3k1/4br1p/6RQ/1p1n2p1/7P/1P4P1/1B2PP2/6K1 b - - 0 27,h7g6 h6h8,1460,77,88,327,endgame mate mateIn1 oneMove,https://lichess.org/HE33gdt4/black#54,
004zh,4b1k1/4Pr2/3R2pp/1ppBP1q1/8/PP4P1/2P4P/3R3K b - - 2 38,g5h5 d1f1 g8g7 d5f7 e8f7 d6d8 h5e5 f1f7 g7f7 e7e8q e5e8 d8e8,2618,93,68,112,advancedPawn attraction crushing endgame exposedKing intermezzo pin promotion quietMove veryLong,https://lichess.org/sYeKSrqj/black#76,
0050w,5rk1/1p2p1rp/p2p4/2pPb2R/2P1P3/1P1BKP1R/8/8 b - - 4 30,g7g3 h3g3 e5g3 h5g5 g8f7 g5g3,1068,80,90,1500,crushing endgame fork long,https://lichess.org/QD8pUcTR/black#60,
005Bm,4rk2/p1q5/1p3Q1b/8/1p5N/2P1p3/P3P3/2K5 b - - 0 43,c7f7 h4g6 f8g8 f6h8,1521,77,97,2630,endgame mate mateIn2 pin short,https://lichess.org/KKslCMev/black#86,
005Ep,5kr1/ppR3p1/3R3p/8/1r1n4/8/1P3PPP/2K5 b - - 4 31,d4b5 d6d8,1128,80,100,50,endgame mate mateIn1 oneMove,https://lichess.org/ttFEoJfQ/black#62,
005N7,r6k/2q3pp/8/2p1n3/R1Qp4/7P/2PB1PP1/6K1 b - - 0 32,e5c4 a4a8 c7b8 a8b8,575,98,95,1856,backRankMate endgame hangingPiece mate mateIn2 short,https://lichess.org/jxZhmGhg/black#64,
005f3,r5k1/2p1pp2/pp4p1/1q1r4/5P2/2QP2R1/PP6/1K4R1 b - - 0 32,d5h5 g3g6 f7g6 g1g6 g8f7 c3g7 f7e8 g7g8 e8d7 g8e6 d7d8 g6g8,2046,72,95,13773,crushing endgame sacrifice veryLong,https://lichess.org/Prb24UzR/black#64,
005jR,8/5p1k/1P4pp/3Qn3/4BP2/6P1/1p2P2P/2q3K1 w - - 1 34,g1f2 b2b1q e4b1 e5g4 f2f3 c1h1,2732,95,91,107,advancedPawn crushing endgame long promotion,https://lichess.org/ltr8kYV9#67,
005qG,8/8/1p1k1p1p/3npp2/2B5/PP1K1PP1/7P/8 b - - 0 36,f5f4 c4d5 f4g3 h2g3 d6d5 g3g4,2310,85,65,55,crushing defensiveMove endgame long,https://lichess.org/RMj9gStA/black#72,
005ws,8/8/5pp1/3K3p/3N2kP/8/8/8 w - - 2 62,d5e6 g6g5 h4g5 f6g5 e6d5 h5h4 d5e4 h4h3 d4f3 g4g3,2340,77,94,1725,crushing endgame knightEndgame master masterVsMaster quietMove veryLong,https://lichess.org/LOwACSXb#123,
005xu,8/3k4/1K1P4/2P3r1/R7/5b2/8/8 b - - 0 68,g5g8 a4a7 d7e6 a7e7 e6d5 d6d7,1914,86,84,35,advancedPawn crushing endgame exposedKing long,https://lichess.org/TDu28XvE/black#136,
0061g,6k1/pp3pp1/2p1q1Pp/3b4/8/6Q1/PB3Pp1/3RrNK1 b - - 2 27,e1d1 g3b8 e6e8 b8e8,802,92,73,267,endgame mate mateIn2 short,https://lichess.org/dJ3xEKJK/black#54,
0068D,7r/pppk4/2pb1r2/8/2NP2p1/2P5/PP2RPP1/4R1K1 w - - 2 26,c4d6 f6h6 f2f4 g4g3 e2e7 d7d6 g1f1 h6h1,1896,75,92,690,crushing endgame veryLong,https://lichess.org/WNAZgV2o#51,
006E1,5rk1/R4pp1/1p5p/3Q4/1PPp2q1/3P2P1/5P2/4nK2 w - - 0 34,f1e1 f8e8 e1f1 g4h3 d5g2 e8e1 f1e1 h3g2,1617,74,96,17682,crushing deflection endgame veryLong,https://lichess.org/KaLKLKD5#67,
006HV,1r6/5k2/2p1pNp1/p5Pp/1pQ1P2P/2P4R/KP3P2/3q4 w - - 4 31,c4c6 b4b3 a2a3 d1a1,1145,78,93,997,endgame mate mateIn2 short,https://lichess.org/ibb2c72C#61,
006OI,8/p7/5k2/P5R1/6KP/8/8/5r2 w - - 5 53,g5g8 f1g1 g4f4 g1g8,843,97,76,261,crushing endgame rookEndgame short skewer,https://lichess.org/6AH1H5wg#105,
006om,1r3k2/5p1p/2p1pp2/P2n4/2r1N3/P4PK1/2R2P1P/2R5 b - - 9 29,c4a4 e4c5 a4a5 c5d7 f8g7 d7b8,1817,73,95,7056,crushing endgame fork long master,https://lichess.org/BMIgw1OR/black#58,
006wz,2r5/4ppkp/5bp1/1p6/1P6/P3B3/2r2PPP/1R1R2K1 b - - 2 22,f6b2 b1b2 c2b2 e3d4 f7f6 d4b2,1434,75,80,535,attraction crushing endgame fork long sacrifice,https://lichess.org/qT0W6o27/black#44,
006yP,6R1/8/Kpk1p3/1p1pP3/6P1/PPP1r3/8/8 b - - 3 40,e3c3 g8c8 c6d7 c8c3,819,89,80,151,crushing endgame master rookEndgame short skewer,https://lichess.org/vf9MOLH1/black#80,
0071K,3N1r2/6R1/kp6/p2pPp1Q/2pP2P1/2q5/2P5/2K5 w - - 0 38,g7a7 a6a7 h5h7 a7a6,1151,85,93,415,crushing defensiveMove endgame hangingPiece short,https://lichess.org/gY0ZkxR4#75,
0071N,6k1/p4pp1/1p5p/4b3/4B3/4P1P1/PpR2PKP/3r4 b - - 1 30,b2b1q c2c8 d1d8 c8d8,513,90,100,169,endgame mate mateIn2 short,https://lichess.org/HRlw71ON/black#60,
00761,3r2k1/1b3pbR/p2P2P1/3p2N1/2p5/2P2N2/PP6/2K5 b - - 0 28,f7g6 h7g7 g8g7 g5e6 g7g8 e6d8,1479,78,94,21725,attraction crushing endgame exposedKing fork long sacrifice,https://lichess.org/vu70Maig/black#56,
007Rn,4r1k1/p4p1p/1p6/6q1/3P2n1/P4Q2/1P1B2P1/7K w - - 0 34,d2g5 e8e1 f3f1 e1f1,992,82,75,76,endgame mate mateIn2 short,https://lichess.org/L9kH7FqT#67,
007eS,6k1/p4p2/1p5p/4r3/P3B3/1P3P2/2PK2PP/8 w - - 0 29,d2e3 f7f5 g2g4 f5e4,1138,76,96,11385,advantage endgame short,https://lichess.org/8qs8bafy#57,
007fJ,8/1P3ppp/8/8/8/2pk3P/3p2P1/3K4 w - - 0 52,b7b8q c3c2,543,103,92,499,advancedPawn endgame mate mateIn1 oneMove queenEndgame,https://lichess.org/34ezZi7R#103,
007gO,2r3rk/5p2/4p2p/4q3/1Q6/8/1P3PPP/R4RK1 w - - 0 31,a1c1 e5g5 g2g3 c8c1,2177,86,76,47,crushing endgame short,https://lichess.org/id1brvZc#61,
0088O,7Q/2p5/1p2prp1/p4k1p/P4p1P/8/6RK/3q4 b - - 2 37,d1a4 g2g5 f5e4 h8f6,1133,80,85,443,crushing deflection endgame short,https://lichess.org/GmH1DPx6/black#74,
008EC,6k1/4rpp1/p6p/7P/q1pP1R2/2Pb2Q1/P4RP1/6K1 w - - 9 31,f4f7 e7f7 g3b8 g8h7 f2f7 a4d1 g1f2 d1f1 f2g3 f1f7,2281,78,90,383,advantage endgame skewer veryLong,https://lichess.org/q5CqLXP5#61,
008GK,1k1r4/ppp3p1/8/1P5p/8/P3n2P/2P1r1P1/B3NRK1 b - - 4 31,d8d1 f1f8 d1d8 f8d8,400,110,90,1683,backRankMate endgame mate mateIn2 short,https://lichess.org/9vFFDYsH/black#62,
008LD,8/6pp/4N1k1/5p2/5P2/5rPb/4R2P/6K1 w - - 0 35,e6g5 f3f1,408,98,78,174,endgame mate mateIn1 oneMove,https://lichess.org/jzHHsjDp#69,
008P4,8/4k3/1p1p4/rP2p1p1/P2nP1P1/3BK3/8/R7 w - - 0 35,e3d2 d4b3 d2c3 b3a1,791,99,95,1596,crushing endgame fork short,https://lichess.org/3GoHPRp3#69,
008Sk,8/6pp/3Bp2k/p2pP2P/P2bp1PK/8/r7/5R2 b - - 2 37,d4f2 f1f2 g7g5 h4g3 a2f2 g3f2,1920,79,94,12343,crushing endgame long,https://lichess.org/rah6MiKa/black#74,
008o6,Q5k1/p1p3p1/5rP1/8/3P4/7P/q3r3/B4RK1 b - - 1 34,f6f8 a8f8,471,87,75,122,endgame mate mateIn1 oneMove,https://lichess.org/1k4lXfEi/black#68,
008oX,4r1k1/2R3pp/2p4q/1p1p4/3P4/P7/1PP2R2/1K1N4 b - - 3 32,e8e1 c7c8 e1e8 c8e8,978,76,71,219,endgame mate mateIn2 short,https://lichess.org/APGKH8YH/black#64,
008tL,8/7k/pR5p/3p4/5r2/2P1p2P/P5P1/6K1 w - - 0 40,b6a6 e3e2 a6e6 f4f1,1079,84,95,3073,advancedPawn crushing endgame master rookEndgame short,https://lichess.org/yhNupFCi#79,
0092z,2r3k1/2qR1ppp/p7/2p2Q2/P7/7P/5PP1/6K1 b - - 3 26,c7c6 f5f7 g8h8 f7g7,938,91,94,424,endgame mate mateIn2 short,https://lichess.org/fjaha7q0/black#52,
0095W,8/pp1r2kp/q2P1ppb/4p3/2N1P3/1Q5P/PPR2PP1/6K1 w - - 3 32,c4e5 f6e5 c2c7 a6d6,1771,76,93,2199,advantage endgame hangingPiece short,https://lichess.org/CaL8Bl7F#63,
009BH,3r2k1/6p1/4Q3/4B3/1p3P2/4PKP1/3q4/8 b - - 17 51,g8h8 e6h6 h8g8 h6g7,1404,75,97,4790,endgame mate mateIn2 pin short,https://lichess.org/QauOOpOY/black#102,
009bR,4r2k/3q2r1/1p4pQ/p1pP4/2P4P/1N4p1/PP3RK1/8 b - - 1 37,g7h7 f2f8 e8f8 h6f8,1048,77,82,153,endgame mate mateIn2 short,https://lichess.org/rvHGlZar/black#74,
009f8,8/1p4p1/pb2ppkp/3n4/3P4/P3BN1P/1P2KPP1/8 b - - 0 26,g6f5 f3h4 f5e4 f2f3,1105,78,94,188,endgame mate mateIn2 short,https://lichess.org/paDYagZM/black#52,
009hH,k3r3/p3q3/1pp5/3pnB2/1P1Q4/1KPP4/P4R2/8 w - - 0 41,f2e2 e5f3 e2e7 f3d4 c3d4 e8e7,1862,74,100,148,advantage endgame long,https://lichess.org/LEg5X8PU#81,
009oc,5Q2/pbp3np/1p1pB1pk/1P6/P3q2P/6K1/8/8 b - - 1 32,e4e6 f8f4 g6g5 f4g5,1161,77,89,762,endgame mate mateIn2 short,https://lichess.org/426eHXom/black#64,
009tE,6k1/6pp/p1N2p2/1pP2bP1/5P2/8/PPP5/3K4 b - - 1 28,f6g5 c6e7 g8f7 e7f5,657,95,89,762,crushing endgame fork short,https://lichess.org/fUV1iXBx/black#56,
009zR,3r4/p1p2ppp/4k3/6Q1/5P2/4P3/Prqn2PP/3R1RK1 w - - 3 22,g5d8 d2f3 g1h1 c2g2,1629,78,87,173,discoveredAttack endgame mate mateIn2 short,https://lichess.org/SctCD3fJ#43,
00A5m,8/1p6/p1p2p2/P3b3/1PK3P1/2PBk3/8/8 b - - 3 60,e3d2 d3f5 e5c7 f5c8 b7b6 a5b6 c7b6 c8a6,1990,75,90,610,bishopEndgame crushing endgame quietMove veryLong,https://lichess.org/Y4Ftfosz/black#120,
00A5v,4r1k1/pp1qr1p1/7p/2pPR3/2P2p2/1PQ2P2/P5PP/4R1K1 w - - 3 33,c3d2 e7e5 e1e5 e8e5,876,100,84,674,crushing endgame short,https://lichess.org/1WXk6Mn2#65,
00AB1,8/7Q/3p1kp1/1p6/2b5/2P4P/5PPK/4q3 b - - 8 36,e1c3 h7h8 f6e6 h8c3,1033,76,96,11100,crushing endgame short skewer,https://lichess.org/KQDr21Ph/black#72,
00AHY,r6k/3NR1p1/4n2p/5b2/p6P/6R1/8/6K1 w - - 2 43,h4h5 a4a3 g3a3 a8a3 e7e8 h8h7,1358,78,84,1512,advantage endgame long,https://lichess.org/SFxNjHBp#85,
00AOH,6k1/1R6/1p2p1pp/4P3/p1N2P2/6PK/7P/1r6 w - - 0 48,b7b6 b1b6 c4b6 a4a3 b6d7 a3a2,887,99,95,691,advancedPawn advantage endgame long,https://lichess.org/D6NQDAPE#95,
00Aae,1R6/1P6/4pkp1/5p2/3P3p/3KP3/8/1r6 b - - 0 43,h4h3 b8f8 f6e7 b7b8q b1b8 f8b8,1020,80,88,344,advancedPawn clearance crushing endgame long promotion rookEndgame,https://lichess.org/mLIjph1r/black#86,
00AbP,4r1k1/pp3pp1/2p5/7b/4P2P/2P2N2/PP4K1/3R4 b - - 0 24,e8e4 d1d8 g8h7 f3g5,804,104,90,64,crushing endgame short,https://lichess.org/0NyDgLKw/black#48,
00Ac7,8/2p1pk1p/Pp4p1/8/p1P2P2/3r2P1/3PR2P/3K4 b - - 1 33,a4a3 a6a7 d3d8 e2e3 a3a2 e3a3,2281,76,93,1734,advancedPawn advantage endgame long rookEndgame,https://lichess.org/SIcsTksL/black#66,
00AcQ,8/1bpp2k1/1p5r/1P2P3/3P1P2/2P1n1K1/2Q3P1/8 w - - 0 30,c2a2 h6g6 g3f2 g6g2,1661,74,91,794,crushing endgame short,https://lichess.org/MqFuiB4J#59,
00AdI,3r4/4kp1p/1PQ1p1p1/p3b3/1p2P2P/1P6/6PK/8 w - - 1 36,h2h3 d8d3 g2g3 d3g3 h3h2 g3c3,1294,74,97,7402,crushing discoveredAttack endgame long master,https://lichess.org/WWyIGzPi#71,
00Af3,8/8/2B2p1p/P4Pp1/3p1kP1/1b1Pb2P/8/4K3 b - - 0 50,f4g3 a5a6 b3c4 a6a7,1166,76,95,5586,advancedPawn bishopEndgame crushing endgame short,https://lichess.org/JBQDYKyD/black#100,
00AoZ,8/1R6/p1pk4/6bp/1QP5/P7/KP6/3r2q1 b - - 2 44,g1c5 b7d7 d6d7 b4c5,1043,83,93,3382,advantage deflection endgame short,https://lichess.org/356BAYqk/black#88,
00Au2,r5r1/pp2kp2/2p5/3pQ3/3P4/2NB4/PPP2q2/1K6 b - - 1 28,e7d7 d3f5 f2f5 e5f5,929,81,100,239,advantage endgame short,https://lichess.org/kAtvQDbU/black#56,
00AuR,8/4bkp1/R6P/4p3/Pp2P3/1P1rB3/6P1/6K1 b - - 0 33,d3e3 h6h7 e3e1 g1h2,1695,81,85,36,advancedPawn crushing endgame short,https://lichess.org/NQjprK7P/black#66,
00Aul,4r3/1p3R1p/1pb2R1B/7k/6P1/8/r6P/6K1 b - - 0 33,h5g4 f7g7 g4h4 h6d2 e8e1 d2e1,2680,83,91,281,crushing endgame long quietMove,https://lichess.org/WWumMDnF/black#66,
00B3B,2K5/3P4/5b2/p1B5/P7/3k4/6p1/8 w - - 7 77,d7d8q f6d8 c8d8 d3c4,1427,75,94,2275,crushing endgame short,https://lichess.org/b7iJvp5Z#153,
00BQD,4r3/3R1pkp/6p1/1P6/1b6/5B2/1P1p1PPP/3R2K1 w - - 0 36,d1d2 e8e1,815,84,100,267,backRankMate endgame mate mateIn1 oneMove,https://lichess.org/ckr8Ti7I#71,
00BSo,2r3k1/4R1pp/p1p2p2/2p5/2P5/1PbN3P/P4PP1/6K1 w - - 0 25,d3c5 c3b4 e7a7 b4c5,1257,75,93,807,advantage endgame short,https://lichess.org/SjQSgSG9#49,
00Bg0,8/3k4/3P1K2/p2R4/5r2/5P2/8/8 w - - 1 57,d5f5 f4f5 f6f5 a5a4 f5e4 a4a3 e4d3 a3a2,1320,75,94,136,advancedPawn crushing endgame quietMove rookEndgame veryLong,https://lichess.org/Kh8jUvEa#113,
00Bg4,3r2k1/1q3ppp/p2rp3/Qp1B4/7P/P4P2/1PP3P1/1K1R3R b - - 0 21,d6d5 a5d8 d5d8 d1d8,1373,85,75,311,backRankMate endgame mate mateIn2 short xRayAttack,https://lichess.org/6qWf8wOP/black#42,
00Bm8,8/6kp/4b1q1/1p6/1PpPp2Q/2P1P3/r2N2P1/5RK1 w - - 7 34,d2e4 g6g2,1126,76,86,328,endgame master mate mateIn1 oneMove,https://lichess.org/ynNNLRgG#67,
00Bn4,1k6/pp6/4nNp1/P6p/3pr3/7P/3R1PPK/8 b - - 0 40,e4e5 f6d7 b8c7 d7e5,691,100,85,718,crushing endgame fork short,https://lichess.org/jvMUtZF5/black#80,
00Bot,8/5p2/p3kP2/8/5r2/R1P5/4P3/4K3 b - - 2 52,f4f6 a3a6 e6e5 a6f6,967,81,100,50,crushing endgame rookEndgame short,https://lichess.org/FWA12ElZ/black#104,
00Bse,8/5p2/1R4k1/6p1/8/3r2PP/5K2/8 b - - 3 40,g6h5 g3g4 h5h4 b6h6,849,77,71,95,endgame mate mateIn2 rookEndgame short,https://lichess.org/PnM8NvEX/black#80,
00C7m,8/5k2/1P4R1/6PK/1r6/8/8/8 w - - 1 58,h5h6 b4h4,749,119,67,61,endgame mate mateIn1 oneMove rookEndgame,https://lichess.org/ZbuTrTYp#115,
00C8e,8/5p1k/5Ppb/2p3P1/1p6/8/KB5Q/3q4 b - - 4 58,d1a4 a2b1 a4d1 b2c1,1553,148,100,32,endgame equality pin short,https://lichess.org/YqVcRoWF/black#116,
00CBU,8/2pR2kp/pb4p1/8/5p1P/B6K/P1r5/6r1 b - - 3 39,g7h6 a3f8 h6h5 d7h7,1822,82,77,56,deflection endgame mate mateIn2 short,https://lichess.org/8sbUxgqT/black#78,
00CMj,7R/8/8/6p1/2p1p1k1/2PbK2p/P7/8 w - - 4 71,e3f2 e4e3 f2e3 g4g3,1624,76,96,23272,crushing defensiveMove endgame master short,https://lichess.org/JJZ8AIxT#141,
00CWE,3r4/1p4p1/2pBkbBp/p1P5/3rp3/P7/1PK2P2/4R3 b - - 1 31,e6d5 g6f7,1497,75,93,2872,endgame mate mateIn1 oneMove,https://lichess.org/VCQ4NAd0/black#62,
00CcK,8/8/3p4/4kp2/1pP3pP/1RbK2P1/8/8 w - - 2 42,b3c3 b4c3 d3c3 f5f4 c3d3 f4g3,1691,156,79,15,crushing endgame long,https://lichess.org/y0n2EkgP#83,
00Cfq,6k1/ppR2pp1/4p1p1/4P1N1/3r2P1/1P4K1/P6r/8 b - - 5 30,h2e2 c7c8 d4d8 c8d8,550,93,100,208,endgame mate mateIn2 short,https://lichess.org/Mtebd1Gr/black#60,
00CpR,4r1k1/B7/2p2pK1/3n3p/8/1Q3PP1/P6r/8 b - - 0 31,e8e5 b3b8 e5e8 b8e8,633,88,85,314,endgame mate mateIn2 short,https://lichess.org/tX2xyrPX/black#62,
00CtS,Q5k1/5q2/p2p4/b1p1pr2/P7/6P1/4KP1R/8 b - - 3 38,g8g7 a8h8 g7g6 h8h6,964,78,96,3117,endgame mate mateIn2 short,https://lichess.org/yKolw9vl/black#76,
00D12,8/6pp/8/3kP3/1p1P2P1/rPpK3P/4R3/8 b - - 1 39,a3b3 e5e6 c3c2 d3c2 b3c3 c2d2,2281,92,89,1252,crushing endgame long rookEndgame,https://lichess.org/iC0vC5to/black#78,
00DBP,5k1r/pp1b1p2/4p2p/2KpP2B/5P2/P5R1/7P/8 b - - 4 34,h8g8 g3g8 f8g8 c5d6,1353,76,98,458,advantage endgame master short,https://lichess.org/Gh4SusNq/black#68,
00DEc,8/p5pk/1p3b1p/3r3P/6P1/3nBN2/P4PK1/4R3 w - - 3 30,e1d1 d3f4 e3f4 d5d1,1091,77,87,168,crushing discoveredAttack endgame short,https://lichess.org/T0mRW37D#59,
00DII,2rr2k1/p5p1/1p5p/2pP1p1P/2q5/P4QR1/5PP1/4R1K1 b - - 3 31,c4d5 e1e8 g8f7 f3d5 d8d5 e8c8,1769,74,99,1328,advantage endgame intermezzo long,https://lichess.org/vJnBcDxi/black#62,
00DKr,3r1k2/2p1R3/p2p2n1/1p6/1P1P2Q1/7P/5qPK/3R4 w - - 2 42,d1e1 g6e7 e1e4 f8e8,2112,75,93,774,advantage defensiveMove endgame short,https://lichess.org/mYdqj7UD#83,
00DPI,3r2k1/1B3p1p/6p1/3N4/3p2P1/6r1/5KP1/3R4 b - - 5 35,g3g4 d5f6 g8g7 f6g4,1038,76,99,647,advantage endgame fork short,https://lichess.org/Wjj7mxD9/black#70,
00DYf,1R6/6kp/3p1pp1/2r1p3/P7/1P6/2r2PPP/1R4K1 w - - 4 30,b3b4 c2c1 b1c1 c5c1,467,89,100,178,backRankMate endgame mate mateIn2 rookEndgame short,https://lichess.org/nLqNgF9I#59,
00DZe,8/5k2/7p/p1P1bPpP/Pp2P3/1P1pBK2/8/8 w - - 1 47,e3f2 g5g4 f3e3 e5d4 e3d3 d4f2,2353,79,94,5156,bishopEndgame crushing deflection endgame long master skewer,https://lichess.org/MVHl8Zy9#93,
00Dt6,5rk1/p4p1p/4p1p1/5nq1/8/5QPP/5PK1/2RR4 w - - 6 35,c1b1 f5h4 g2f1 h4f3,1204,78,67,48,crushing endgame pin short,https://lichess.org/TTZUVvIZ#69,
00Dxh,8/8/8/6R1/2pk2P1/1r3K1P/8/8 w - - 0 48,f3g2 c4c3 g5g7 c3c2,1386,121,69,42,advancedPawn crushing endgame master masterVsMaster rookEndgame short,https://lichess.org/iUtKfI3K#95,
00DzI,8/2p5/2P2k1p/2pKp3/3p2P1/3B1p2/7P/8 w - - 0 42,d5c5 f6g5 c5d5 g5f4 h2h4 f4e3,2589,89,84,57,bishopEndgame crushing endgame long,https://lichess.org/5cjWO8nE#83,
00E4Z,1r4k1/p4p1p/6p1/3rb3/K7/2PpB3/1P1R1PPP/7R w - - 1 25,h1d1 d5d6 b2b4 e5c3 e3c5 d6a6,2290,81,84,164,advantage endgame long master masterVsMaster quietMove,https://lichess.org/YRE2uOtG#49,
00EBZ,3rr1k1/p4pp1/1pp4p/3pPQ2/1P3P2/2P3qP/P2R2P1/5RK1 w - - 1 24,f1f3 g3e1 g1h2 e1d2,845,105,95,1368,crushing endgame fork short,https://lichess.org/FrMf0UcF#47,
00EEp,3k2q1/pb1p3p/1p1P4/2p5/2P2Q1K/8/P7/5R2 b - - 2 36,b7g2 f4f8 g8f8 f1f8,1665,79,88,64,endgame mate mateIn2 short,https://lichess.org/dWHeDlRz/black#72,
00EJb,6k1/5pp1/2R1p2p/8/P1B5/1P4P1/1q3Q1P/3r2K1 w - - 1 35,g1g2 d1d2 c6c8 g8h7 c4d3 f7f5 c8c2 d2f2,2288,81,87,450,advantage endgame pin veryLong,https://lichess.org/ki9WEgCM#69,
00EUu,8/5P1P/1p4K1/8/6P1/8/2p5/k6r b - - 0 62,h1h6 g6h6 c2c1q g4g5 c1c6 h6g7,2451,79,92,3208,crushing defensiveMove endgame long,https://lichess.org/u5HjwjcV/black#124,
00EWi,8/8/1R3pkp/1pP5/1P3PKP/r7/8/8 w - - 2 48,b6b5 f6f5,889,76,100,433,endgame mate mateIn1 oneMove rookEndgame,https://lichess.org/RxrVCbwq#95,
00EoE,r1b1k3/ppr4p/5p2/5p2/8/2P3P1/P4PP1/4RK1R b q - 1 23,e8f7 h1h7 f7g6 h7c7,974,79,73,64,crushing endgame short skewer,https://lichess.org/25vOJGCF/black#46,
00Erm,3r4/6k1/1p1pr1p1/p1p2p2/PnP1p1P1/1P6/3R1PBP/4R1K1 b - - 0 29,b4d3 d2d3 e4d3 e1e6 d3d2 g2f3,1406,76,83,144,crushing defensiveMove endgame long,https://lichess.org/kE9mu3xO/black#58,
00F1l,8/2k1b3/5p2/RBpK1Pp1/Pp1p2P1/3P4/2r5/8 b - - 2 45,b4b3 a5a7 c7b8 a7e7,836,80,80,189,crushing endgame master short skewer,https://lichess.org/By9yxCU0/black#90,
00F2o,6k1/4qpp1/3p3p/8/2BP4/1Pn5/2Qn1PPP/6K1 w - - 0 29,c2c3 e7e1 c4f1 e1f1,979,77,72,123,endgame mate mateIn2 short,https://lichess.org/Xik1cEk4#57,
00F3S,3r1rk1/5ppp/p5q1/1p1P4/2PpP3/P6Q/B4PPP/2R3K1 b - - 0 29,g6e4 a2b1 e4b1 c1b1,1330,98,85,23,crushing endgame short,https://lichess.org/kCnMPvjO/black#58,
00FAe,5Rbk/6pp/8/p3P3/Pp1pq3/8/1P4PP/3Q2K1 w - - 1 35,d1b3 e4e1 f8f1 e1f1 g1f1 g8b3,1667,75,94,850,crushing endgame long,https://lichess.org/EvpVpm3n#69,
00FHO,8/1pp5/p2p3p/3P1Pk1/P3K1P1/1P5R/8/2r5 w - - 1 39,e4f3 c1c3 f3g2 c3h3 g2h3 h6h5 g4h5 g5h5,2236,107,66,32,crushing endgame rookEndgame veryLong,https://lichess.org/0KBMAMQh#77,
00FHX,2r3k1/5p1p/4pP2/3p3P/8/5P2/p1b3P1/2R3K1 b - - 0 30,c2b1 c1c8,495,93,85,797,endgame hangingPiece mate mateIn1 oneMove,https://lichess.org/rztVgThB/black#60,
00FND,8/1P6/8/7p/3P4/3k1p1P/4p3/3K4 w - - 0 49,d1e1 d3e3 h3h4 f3f2,1853,75,99,304,advancedPawn endgame mate mateIn2 pawnEndgame short,https://lichess.org/C4mOV5Og#97,
00FOM,8/5k2/8/3pPPB1/1p4K1/1b6/8/8 b - - 0 45,b3d1 g4h4 d1a4 e5e6,2594,90,72,166,bishopEndgame crushing defensiveMove endgame short,https://lichess.org/9wp9pR0Q/black#90,
00FON,1k6/8/8/6p1/1pp5/p4PP1/N1P4P/7K w - - 0 38,h2h4 b4b3 c2b3 c4b3,967,89,91,1766,crushing endgame knightEndgame short,https://lichess.org/D9f2JIE8#75,
00FPo,7R/1K3p2/6k1/PP4p1/8/6rp/8/8 b - - 2 47,g5g4 a5a6 h3h2 h8h2,1764,78,93,4852,crushing endgame rookEndgame short,https://lichess.org/6C03NLdu/black#94,
00G1l,5k2/1R6/3pp1P1/2p5/1pr1PK2/5P2/8/8 b - - 0 60,c4c1 f4g5 c1g1 g5f6,1860,75,89,414,crushing defensiveMove endgame master rookEndgame short,https://lichess.org/IWYBiMcT/black#120,
00G81,3r4/5k2/p4Pp1/2pK2Pp/2R5/P7/8/8 w - - 7 51,d5c5 d8c8 c5d4 c8c4 d4c4 h5h4,1369,76,97,3828,crushing defensiveMove endgame long rookEndgame,https://lichess.org/Q8HZlLcF#101,
00GY4,3k2r1/pR5R/3r4/4p1q1/7Q/3Pn1PP/PP5K/8 b - - 0 27,g5h4 b7b8,1261,75,94,1249,endgame mate mateIn1 oneMove,https://lichess.org/uDdpetkC/black#54,
00GiQ,5r2/1p3p1k/6pp/p1qp1P2/7Q/5N2/6PP/5N1K b - - 4 31,b7b5 f3g5 h7g7 f5f6 g7f6 g5e4,1872,77,100,79,attraction crushing doubleCheck endgame long pin,https://lichess.org/XLwP4TgT/black#62,
00Gt0,R7/4k3/5p2/3p2p1/4b2p/2K1P2P/5PP1/8 w - - 2 47,f2f3 d5d4 c3d4 e4a8,1052,79,83,107,crushing discoveredAttack endgame master short,https://lichess.org/5OO7Wczb#93,
00GuG,2R5/7p/1K4k1/8/5p2/5n2/8/8 w - - 0 63,c8c6 g6f5 b6c5 h7h5,2406,81,91,1360,advantage defensiveMove endgame master short,https://lichess.org/6xU6SaA2#125,
00Gvp,8/2kn1p2/8/3P4/R7/2P1N3/1r2K3/8 w - - 13 70,e2d3 d7c5 d3d4 c5a4,1051,78,100,89,advantage endgame fork short,https://lichess.org/CIq1kOGh#139,
00Gvr,8/1b3pp1/1k4Pp/4K2P/4PP2/8/8/8 b - - 0 46,f7f6 e5e6 b7e4 e6f7,1134,77,89,2787,advantage bishopEndgame defensiveMove endgame master short,https://lichess.org/tHhRpYsL/black#92,
00Gz6,r7/p3qkp1/1p4p1/3Nn3/Q7/4PP2/PP3K2/6R1 b - - 0 25,e7c5 a4f4 f7e6 f4e4 a8f8 g1g6,2395,103,89,1110,crushing endgame fork long pin,https://lichess.org/F80hPRFE/black#50,
00H2L,8/8/2p2p2/p4P1p/Pk5P/4K1P1/8/8 w - - 1 39,e3d3 c6c5 d3e2 c5c4 g3g4 h5g4,2375,88,90,594,crushing endgame long pawnEndgame quietMove,https://lichess.org/UMoEkwn0#77,
00H5n,8/5Rpk/3p3p/p1qPp3/P3n3/5N1P/1Q3PPK/2r5 b - - 0 35,e4f2 b2b7 c1h1 h2g3 f2e4 g3g4 e4f6 f7f6 c5b4 b7b4,2470,93,89,339,advantage endgame pin quietMove veryLong,https://lichess.org/84oSZ8O3/black#70,
00H87,6k1/2q1pp2/p5pB/2p4n/3pP1Q1/P2P3P/1r4P1/5RK1 b - - 1 30,c7g3 g4c8 g8h7 f1f7 h5g7 f7g7 h7h6 c8h8 h6g5 g7g6 g5g6 h8g8 g6f6 g8g3,1958,76,88,413,attraction crushing deflection endgame sacrifice skewer veryLong,https://lichess.org/hQEAqclb/black#60,
00H8a,5bk1/2R4p/6p1/8/2b1NP1P/4P1K1/r7/8 b - - 2 45,c4d3 e4f6 g8h8 c7h7,795,79,88,318,arabianMate endgame mate mateIn2 short,https://lichess.org/7UUQgJDC/black#90,
00H9n,7k/6p1/8/4p3/Pp1b4/1P3b1q/3Q2P1/5RK1 w - - 0 45,d2d4 h3g2,894,79,90,307,endgame master mate mateIn1 oneMove,https://lichess.org/MaGCLflH#89,
00HDS,6k1/pp2R3/6pp/8/3r4/P4BbP/1P4P1/6K1 b - - 3 38,d4c4 f3d5 g8f8 e7f7 f8e8 d5c4,1467,90,55,23,crushing endgame exposedKing fork long,https://lichess.org/K4Eh4BSQ/black#76,
00HEx,b7/5pk1/R3pn1p/8/3NP3/5P2/6PP/2rB2K1 w - - 1 31,a6a8 c1d1 g1f2 d1d4,985,77,93,1181,crushing endgame fork hangingPiece master short,https://lichess.org/Kl5pBLfs#61,
00HGG,8/pp6/2p1kpp1/3p4/3P1PPp/1P3K2/P1P4P/8 w - - 0 31,g4g5 f6g5 f3g4 g5f4 g4f4 e6f6,1668,75,85,132,crushing defensiveMove endgame long pawnEndgame,https://lichess.org/JyqJknFl#61,
00HHN,4r2k/p6p/1p3R2/2p5/2P5/1P4R1/r5PP/2K5 w - - 0 32,f6f7 e8e1,666,96,92,858,endgame mate mateIn1 oneMove rookEndgame,https://lichess.org/tMmxk7ja#63,
00HIV,8/8/1p1k1n1p/4p3/1PP2pp1/3K4/3N1PPP/8 b - - 3 37,h6h5 d2e4 f6e4 d3e4,768,81,100,628,crushing endgame knightEndgame master short,https://lichess.org/1mef1VFJ/black#74,
00HPz,6r1/7p/2pk1p2/P2p4/P2KbP2/4P3/4NR1P/8 w - - 1 35,e2c3 c6c5,691,97,94,611,endgame master mate mateIn1 oneMove,https://lichess.org/ElfQqRYp#69,
00HZC,4r1k1/pp1qn3/2p4R/6p1/3P1rR1/3Q2P1/PP3P1P/6K1 b - - 0 31,f4g4 d3h7 g8f8 h6f6,1524,75,74,132,endgame mate mateIn2 short,https://lichess.org/SPwu7cIA/black#62,
00HZa,6k1/6pp/1p6/p1n5/4qp2/1P2PN2/P4PPP/3Q2K1 b - - 0 28,f4e3 d1d8 g8f7 f3g5 f7g6 g5e4,937,87,87,341,crushing endgame fork long master,https://lichess.org/WRMbDs53/black#56,
00HeG,8/1p5k/p3pQq1/3pP3/2p3P1/2P5/PP6/2K5 w - - 3 33,f6h4 g6h6 h4h6 h7h6,788,109,96,404,crushing endgame master queenEndgame short,https://lichess.org/Fe29uA9P#65,
00Huv,3r2q1/5prk/p3pQpp/1p2P3/2p4R/2P2P1P/PPB2P2/6K1 b - - 2 29,g8f8 h4h6 h7g8 f6h4,1823,75,96,297,clearance crushing endgame short,https://lichess.org/KGI2jWmb/black#58,
00Hxb,1rbr1k2/p4ppp/2B5/2pR1NP1/2P5/P7/7P/4R1K1 b - - 0 27,d8d5 e1e8,1125,81,83,1105,endgame mate mateIn1 oneMove,https://lichess.org/FW9LwaHK/black#54,
00HzH,2r2Qk1/p2q2p1/1p2p1Np/3p3P/3Pb1P1/2P5/PP3R2/6K1 b - - 4 33,c8f8 f2f8 g8h7 f8h8,767,90,91,389,endgame hookMate mate mateIn2 short,https://lichess.org/XB8lgZ9N/black#66,
00HzX,4r1k1/5pp1/2R4p/1p6/8/1PP3QP/2q2PP1/6K1 w - - 0 29,c6h6 c2c1 g1h2 c1h6,1606,74,92,1381,crushing endgame fork short,https://lichess.org/tKKATkce#57,
00I8g,4rk2/3Rnrp1/8/4Q1p1/7P/6K1/8/8 w - - 0 50,h4g5 e7f5 e5f5 f7f5,1039,75,100,316,crushing endgame short,https://lichess.org/5U3wSf5r#99,
00IDw,4r3/pN3kpp/2N1b3/2R5/5b2/P7/1P3PPP/7K w - - 1 30,g2g3 e6h3 c5c1 f4c1,1862,75,86,152,advantage endgame quietMove short,https://lichess.org/KmTVU8Fo#59,
00IF1,1k6/p1p5/P2p4/3P4/1PK2N1p/4P3/5r2/4B3 b - - 12 57,f2f4 e3f4 h4h3 e1g3,1301,81,93,593,crushing defensiveMove endgame hangingPiece short,https://lichess.org/bX3dAdx9/black#114,
00IHi,8/4R3/1k6/8/p7/1p1N2P1/5KP1/r7 w - - 0 55,e7e1 a1e1 f2e1 a4a3 e1d2 a3a2 d2c3 a2a1q,1876,76,95,3575,advancedPawn crushing endgame promotion veryLong,https://lichess.org/DiBepPdz#109,
00IPp,4Q3/6pk/p3p2p/5p2/1p1P2P1/4q2P/2B1n2B/7K w - - 0 35,g4f5 e3f3,1579,87,89,2316,endgame mate mateIn1 oneMove,https://lichess.org/JKNcTJw1#69,
00ISm,5r2/4bp1k/2ppq1p1/4p1Q1/4N2P/3P4/1P1R1P2/4K1R1 b - - 0 29,e7g5 e4g5 h7h6 g5e6,907,88,84,86,crushing endgame fork short,https://lichess.org/Nx7iGvHH/black#58,
00IaZ,4R3/1k2R3/3K2p1/1P6/1P6/2rp3r/8/8 b - - 3 45,b7b6 e8b8,923,86,83,430,endgame master mate mateIn1 oneMove rookEndgame,https://lichess.org/MA0bo8dV/black#90,
00IbM,6k1/5rp1/p2B3p/P1Pp4/1P6/2q1P2P/4Q1P1/6K1 w - - 0 34,e2a6 c3e1 g1h2 f7f1 a6f1 e1f1,1640,133,90,12,advantage endgame long quietMove,https://lichess.org/u2FmrsSU#67,
00InW,8/2p5/pp1p4/3PnN2/PPP1Pp2/5P1p/5K1k/8 b - - 3 46,e5f3 f2f3 h2g1 f3f4 h3h2 f5g3,1293,75,100,559,crushing defensiveMove endgame hangingPiece knightEndgame long,https://lichess.org/CZaimWSp/black#92,
00Ivf,8/2p4r/1p3k2/p2Pp1p1/P1P1RpP1/1P3P1r/4R1K1/8 w - - 7 46,e4e5 h3h2 g2f1 h2h1 f1f2 h7h2,1605,74,89,193,endgame long mate mateIn3 rookEndgame,https://lichess.org/VX0fLjAC#91,
00J1Y,1q3r2/p5k1/1p2pbpp/2p2p2/2P1N3/2P2PQP/PP3P2/6RK b - - 2 29,f5e4 g3g6 g7h8 g6h6,1160,77,93,804,deflection endgame mate mateIn2 short,https://lichess.org/8onUzszE/black#58,
00J7i,3r2k1/pQ3ppp/4R1n1/2q5/2P5/2B3P1/P4PBP/6K1 b - - 0 24,f7e6 b7g7,999,102,69,55,endgame master masterVsMaster mate mateIn1 oneMove,https://lichess.org/nBfwpOrE/black#48,
00JET,3r2k1/5ppp/3Rp3/8/8/8/1P3PPP/2R3K1 b - - 0 34,d8d6 c1c8 d6d8 c8d8,423,95,94,200,backRankMate endgame mate mateIn2 rookEndgame short,https://lichess.org/O8W3yIa7/black#68,
00JH5,8/2Q2pk1/8/3pp2P/8/2Pq4/KP6/8 b - - 1 36,d3c4 c7c4 d5c4 b2b4,1997,89,83,39,crushing defensiveMove endgame queenEndgame short,https://lichess.org/1co2FGQN/black#72,
00JMV,8/1p4pk/pPp4b/P1P1P3/3pq1b1/2Q5/6PP/2B2RK1 w - - 0 32,c3e1 e4e1 f1e1 h6c1,2238,80,91,181,advantage endgame short,https://lichess.org/DRP46kUW#63,
00JO7,5rk1/ppq3pR/4p1r1/3p4/8/2P4Q/PP3RPP/6K1 b - - 0 22,c7c5 h7h8,986,79,89,79,endgame mate mateIn1 oneMove,https://lichess.org/Vd3DWn3Y/black#44,
00JQS,5r1k/pb3Qpp/2p5/5p2/3P4/8/PPP2PPP/4R1K1 b - - 0 21,f8f7 e1e8 f7f8 e8f8,561,98,76,635,backRankMate endgame mate mateIn2 short,https://lichess.org/jB9KjawU/black#42,
00JS1,2r5/1p2k1pp/4p3/1N3p2/5P2/P2nP3/1R4PP/6K1 w - - 0 24,b2d2 c8c1 d2d1 c1d1,566,102,77,684,endgame mate mateIn2 short,https://lichess.org/ROJJOhHY#47,
00JZk,7k/1q5p/3Q2p1/8/P3p3/1p2B2P/1br3P1/R5K1 b - - 0 32,b7f7 a1f1 f7f1 g1f1,2102,75,91,2256,crushing endgame short,https://lichess.org/YuyVHFxe/black#64,
00JaW,8/r7/Pk5p/3R2p1/4p1P1/4P3/3K4/8 b - - 0 48,a7a6 d5d6 b6a5 d6a6 a5a6 d2c3 a6b7 c3d4,1080,80,88,201,crushing endgame exposedKing rookEndgame veryLong,https://lichess.org/K2MPI0zt/black#96,
00JqT,2r2rk1/pp2R3/5p2/3p1q2/3P4/4QPPp/PP3R1P/6K1 w - - 2 30,g3g4 f5b1 f2f1 b1b2 e3e6 g8h8,1922,75,100,220,crushing deflection endgame long,https://lichess.org/HwVtqWsg#59,
00JzT,8/7p/6pK/5p2/4p3/1k4P1/5P1P/8 w - - 2 44,h6h7 g6g5 g3g4 f5f4,1660,77,79,79,crushing defensiveMove endgame pawnEndgame quietMove short,https://lichess.org/Zk86Dja7#87,
00K0G,8/8/8/2Pk4/pK4p1/3N4/5P2/3b4 b - - 7 59,d1e2 d3f4 d5c6 f4e2,777,87,80,88,crushing endgame fork master short,https://lichess.org/xIDctz9w/black#118,
00K48,6Qk/6pp/p2B4/2pP4/P1q5/6P1/2P1p2P/5RK1 b - - 0 26,h8g8 f1f8,453,108,89,285,endgame master mate mateIn1 oneMove,https://lichess.org/vGu9FCAH/black#52,
00KHR,8/6pk/1Q1p2n1/4p3/2P3P1/P2PP2P/1B4K1/4q3 w - - 1 35,g2f3 g6h4 f3e4 e1h1,1453,75,93,1490,endgame mate mateIn2 short,https://lichess.org/m54DAZPv#69,
00KO5,2r2rk1/3p1ppp/p3p3/1p2q3/6P1/3Q4/PP5P/1K2RR2 b - - 0 22,e5h2 f1h1 h2c2 d3c2 c8c2 b1c2,1351,76,87,134,advantage endgame long,https://lichess.org/jUnUTglG/black#44,
00KOz,8/r4k2/7R/5PK1/1n6/8/8/8 b - - 3 56,b4d5 h6h7 f7f8 h7a7,958,98,95,1075,crushing endgame master short skewer,https://lichess.org/QVprMNzR/black#112,
00KSB,r7/4kpRp/2p2p1P/p1P1n3/Pp6/1B6/5PP1/6K1 b - - 2 35,a8h8 f2f4 e5d7 g7f7,1586,74,94,7047,crushing endgame short,https://lichess.org/GqvPZnmI/black#70,
00KVO,4r3/p1R3p1/4r2p/3k1n2/3p4/P5B1/1P4PP/4R1K1 w - - 2 28,c7a7 e6e1 g3e1 e8e1,834,95,76,54,crushing endgame short,https://lichess.org/4wKfUa8h#55,
00KVb,2k2r2/pp5p/3p4/3Nb1p1/8/1P1P3P/P1Pn4/1K1R1R2 w - - 3 28,d1d2 f8f1 d2d1 f1d1,556,98,72,171,endgame hangingPiece mate mateIn2 short,https://lichess.org/tzIW1ZLM#55,
00KYC,5rk1/p6p/2r1pBp1/4P3/2b5/3p4/P4PPP/1R2R1K1 w - - 0 27,b1b7 f8f6 e5f6 d3d2 e1d1 c4e2,2268,83,83,53,advancedPawn clearance crushing endgame long master sacrifice,https://lichess.org/wxhreSsZ#53,
00Kbj,8/8/6p1/PR3p2/1P3k2/7P/r5P1/7K w - - 1 39,h3h4 f4g3 b5d5 a2a1 d5d1 a1d1,1488,73,94,15898,endgame long mate mateIn3 rookEndgame,https://lichess.org/PW8a1JvE#77,
00Kd8,3R4/3P4/8/5p2/5kPp/8/3r1KP1/8 w - - 1 64,f2g1 f4g3 g1f1 f5g4,2154,75,80,269,advantage endgame rookEndgame short,https://lichess.org/loJK0sJF#127,
00Keu,R7/1p3kp1/2pK3p/3p1PP1/1r1B2nP/8/1P6/8 b - - 2 39,b4d4 g5g6 f7f6 a8f8,855,91,94,1387,endgame mate mateIn2 short,https://lichess.org/hCWa2OUn/black#78,
00KgR,5r1k/1pq3p1/2p2P1p/3pPQ2/1p1P4/7P/1rB4K/5R2 b - - 1 35,f8f6 f5h7,846,78,100,439,endgame mate mateIn1 oneMove,https://lichess.org/8f0kmTFT/black#70,
00KhM,5rk1/5ppp/1R6/3Qp3/2B1P3/2q3P1/3R1PKP/1r6 b - - 0 27,b1b6 d5f7 f8f7 d2d8,1339,93,78,42,clearance endgame mate mateIn2 pin sacrifice short,https://lichess.org/o5Jg9MLX/black#54,
00Kia,5r1k/4n1pp/1p6/pP5Q/P2pB2K/6P1/2P4P/4q3 b - - 4 37,g7g6 h5e5 h8g8 e4d5 e7d5 e5e1,1762,75,97,1796,advantage discoveredAttack endgame fork long,https://lichess.org/hH8qwFYM/black#74,
00Kip,8/6pp/8/3k4/2p2PPP/2K5/8/8 w - - 1 50,f4f5 d5e5 h4h5 h7h6 g4g5 h6g5,2537,84,90,86,crushing endgame long pawnEndgame quietMove,https://lichess.org/hcNxh7C3#99,
00Kyy,8/P7/8/5k2/8/5pr1/5r2/R6K w - - 0 50,a7a8q g3h3 h1g1 f2g2 g1f1 h3h1,1204,75,83,253,endgame exposedKing long master mate mateIn3 queenRookEndgame,https://lichess.org/VrBw9rnh#99,
00L53,3q2k1/Qp4pp/3r4/P7/8/1P6/3p1PPP/3R2K1 w - - 0 35,a7b7 d6e6 b7b4 d8d4 b4b8 g8f7 b8b7 f7g6 g2g3 e6e1,2522,90,79,29,clearance crushing defensiveMove endgame quietMove veryLong,https://lichess.org/nSpAg1ZO#69,
00L84,6k1/5pp1/7p/2p5/2P5/2rp2PP/PR3P2/5K2 w - - 0 37,b2b3 c3c1 f1g2 d3d2,1034,86,93,654,advancedPawn crushing endgame master rookEndgame short,https://lichess.org/ZX4yckwu#73,
00LG5,6k1/5r1p/4b1pQ/5q2/3B3P/2P5/6P1/4R1K1 w - - 7 36,e1e2 f5f1 g1h2 f1e2,1113,77,71,157,advantage endgame fork short,https://lichess.org/H1PJMeLA#71,
00LH7,6k1/6Bp/6pP/3q1p2/p2PnQ2/2r5/P5PK/4R3 b - - 1 39,d5d6 e1e4 d6f4 e4f4,1423,76,94,5617,crushing endgame short,https://lichess.org/7mA63Gfs/black#78,
00LMb,8/8/1n4kP/1P3p2/3P1K2/2p1N3/8/8 w - - 4 49,f4e5 b6c4 e3c4 c3c2,1771,81,79,54,advancedPawn crushing endgame knightEndgame sacrifice short,https://lichess.org/8fplizkC#97,
00LNB,kr6/1pR4p/p4R2/n2r4/P3p3/4B3/6PP/6K1 b - - 0 38,d5d3 f6a6 b7a6 c7a7,996,77,98,2629,endgame mate mateIn2 sacrifice short,https://lichess.org/MQYDGoEM/black#76,
00LOy,5k2/1p3pp1/p3pb2/r7/2P2B2/1P6/1PR1K1PP/8 b - - 0 33,f6e5 b3b4 a5a1 f4e5,1488,75,94,12493,crushing endgame short,https://lichess.org/dq3UiVvj/black#66,
00LSv,3r3k/1p4pp/2p3q1/8/3Q4/8/PP4rP/R4R1K b - - 1 28,g2g1 d4g1 g6e4 g1g2,1787,75,92,891,advantage endgame short,https://lichess.org/EfV2OOTd/black#56,
00LXD,8/p7/1p2k1pp/5p2/3P1P2/4K3/PP5P/8 w - - 2 37,a2a4 g6g5 f4g5 h6g5,2318,83,26,52,advantage endgame master pawnEndgame short,https://lichess.org/aSmBXG8T#73,
00Lhb,2n4k/p3b2p/Pp6/1PpPp3/2B1PpP1/1P6/5BK1/8 b - - 0 33,c8d6 f2c5 b6c5 b5b6 a7b6 a6a7,1790,85,89,44,advancedPawn advantage endgame long master masterVsMaster sacrifice,https://lichess.org/PN1IyrE7/black#66,
00LoE,2k5/1p4p1/p4b2/3p4/3P4/2PQN3/PP3q2/1K6 w - - 0 37,e3d5 f2g1 b1c2 g1g2,1858,75,46,121,crushing endgame short,https://lichess.org/bDt5hp3w#73,
00Lqo,2Q5/p5pk/1r2p3/K2pP2p/3P4/2P4R/PPq5/8 b - - 12 41,c2b2 h3h5 h7g6 c8e8,1175,151,33,16,endgame mate mateIn2 short,https://lichess.org/7t0X6qSm/black#82,
00Lt1,r4k2/pp3p2/2pNR2p/5Qp1/1P3n2/3P4/P1PK1qPP/8 w - - 6 31,d2c3 f4d5 c3b3 f2f5 d6f5 f7e6,1809,77,94,315,advantage discoveredAttack endgame long,https://lichess.org/CcaXmpEd#61,
00Lyc,4R3/1p4k1/1q1N1bpp/3B4/5p1P/p4P2/3RK1P1/8 w - - 4 42,d6e4 b6b5 d2d3 b5e8,1935,76,78,133,crushing endgame fork master short,https://lichess.org/YB9ozD4y#83,
00M6i,6k1/1N4pp/p7/4bp2/P1P5/1r6/6PP/2R3K1 w - - 1 33,b7c5 e5d4 g1f1 d4c5,1143,119,43,19,crushing endgame fork short,https://lichess.org/kUhFtcHh#65,
00MDy,8/pp6/2p1k3/2Pp2pp/1P1P1p2/P2K1P2/6PP/8 w - - 0 42,g2g3 f4g3 h2g3 h5h4 g3h4 g5h4,1537,74,92,138,crushing endgame long pawnEndgame,https://lichess.org/LQDmrg5w#83,
00ME0,8/1p6/p1b5/5k1p/1PB1p2P/P3P1K1/8/8 b - - 2 35,f5e5 c4f7 c6d7 f7h5,1617,76,94,3220,bishopEndgame crushing endgame short,https://lichess.org/Z2H5mRQg/black#70,
00MFe,3r3k/p5pp/2r2q2/2p4Q/8/8/P5PP/3R1R1K b - - 5 29,d8d1 h5e8 f6f8 e8f8,1357,75,93,2125,endgame mate mateIn2 short,https://lichess.org/d1J7UJ4D/black#58,
00MHi,8/8/5pp1/5k1p/5P1P/4R1P1/2r5/5K2 w - - 0 43,e3e2 c2e2 f1e2 f5g4 e2f2 g4h3,2231,81,73,217,crushing endgame long rookEndgame zugzwang,https://lichess.org/im48PGD7#85,
00MIY,6k1/3R3p/1p5q/3P4/3QP1pN/6P1/PPr3B1/5rK1 w - - 0 25,g1f1 h6c1 d4d1 c1d1,1500,82,83,49,endgame mate mateIn2 short,https://lichess.org/SHHHsXB9#49,
00MWz,8/8/2B5/4pK2/3k1pPp/5n1P/8/8 b - - 3 57,f3g1 g4g5 g1e2 g5g6,818,85,98,2366,crushing endgame quietMove short,https://lichess.org/1sHbVvW6/black#114,
00MZr,1k5r/ppp5/2p5/3n4/5pQ1/3P1P1r/PPP2K2/5R2 w - - 2 26,f1g1 h3h2 g1g2 d5e3,2025,77,90,1430,crushing endgame short,https://lichess.org/LITlSDhw#51,
00Mca,1k6/1Pp1rqp1/p1R5/6pp/Q6P/1P6/P4PBK/3r4 b - - 5 34,e7e6 a4c4 e6c6 c4f7,2350,73,91,4513,crushing endgame short,https://lichess.org/FcSCJACK/black#68,
00Mei,8/6rk/6p1/1R3b1p/2pQ1P2/2P3P1/qP4PK/8 b - - 0 36,f5d3 d4d8 a2a7 b5b8 a7b8 d8b8,2590,84,83,211,advantage endgame long master quietMove,https://lichess.org/xvCSyLc3/black#72,
00Msq,r5k1/1pp2Bp1/5n1p/1q2N3/3P4/7P/5PP1/4Q1K1 b - - 2 30,g8f8 f7c4 b5c4 e5c4,1870,77,93,796,crushing endgame master short,https://lichess.org/2cdEjZvR/black#60,
00MwU,3r1b1R/ppq3p1/2k3P1/3p4/1P1Q4/4PP2/P1P5/2K5 b - - 0 26,a7a6 h8f8 d8f8 d4c5 c6d7 c5f8,1771,75,91,267,advantage attraction endgame fork long sacrifice,https://lichess.org/r7d4mCDm/black#52,
00NAM,r5k1/pp3ppp/8/3p4/3P4/4R2P/q1P1QPPK/8 b - - 1 21,a2c4 e3e8 a8e8 e2e8,774,78,100,355,endgame mate mateIn2 short,https://lichess.org/be70QtoL/black#42,
00NBR,8/1p2np2/1Pp1k3/p1P3p1/P2K3p/7P/4BPP1/8 b - - 1 33,e7d5 e2c4 e6d7 c4d5,2022,85,84,42,crushing endgame master short,https://lichess.org/CYEsHleN/black#66,
00NKk,2r2rk1/pp4q1/4Q3/3p4/3P4/P1P5/1P3PPP/4R1K1 b - - 0 25,g8h8 e1e3 c8c7 e3h3,1790,75,91,228,advantage endgame quietMove short,https://lichess.org/eKEoNNem/black#50,
00NOI,3r4/2k2p1p/pp2pp2/2p5/3nN3/6P1/PPP2PRP/2K5 w - - 2 23,e4f6 d4e2 c1b1 d8d1,964,92,60,38,backRankMate endgame mate mateIn2 short,https://lichess.org/Z7mmtXNG#45,
00NUc,6k1/6pp/1PP5/4b3/3p4/Br5P/4prP1/R5RK w - - 1 30,c6c7 b3h3 g2h3 f2h2,1536,107,81,55,endgame mate mateIn2 sacrifice short,https://lichess.org/8FRZVN6d#59,
00NVe,2B4k/p1p3pb/8/5pnr/8/2P2R2/PPP2K2/6R1 w - - 6 34,c8f5 g5f3 f5g4 f3g1,1821,86,80,34,advantage endgame short,https://lichess.org/7yU1Aehr#67,
00NaX,4r1k1/1p2r3/p1p5/3p1p2/PP1P1q1p/2Q1P1pP/5PP1/4R1K1 w - - 0 39,e3f4 e7e1 c3e1 e8e1,433,92,78,284,endgame kingsideAttack master mate mateIn2 queenRookEndgame short,https://lichess.org/rZL4HlNU#77,
00Nej,6k1/1p3pp1/pB2qb1p/2P5/1P6/6QP/4r1P1/3R3K b - - 4 33,f6e5 d1d8 g8h7 g3d3 e6g6 d3e2,1105,78,91,3083,crushing endgame fork long,https://lichess.org/P5XLEtLV/black#66,
00Nih,8/3K4/8/5k1p/7P/8/8/8 w - - 1 62,d7e7 f5g4 e7e6 g4h4,1178,232,38,17,crushing endgame pawnEndgame short,https://lichess.org/uGsqUTBh#123,
00Nua,8/1p1k2r1/p1p5/2P1R3/1P1pP3/P2r4/5RPK/8 w - - 1 31,a3a4 g7h7 h2g1 d3d1 f2f1 h7h1 g1h1 d1f1,1841,83,74,51,endgame,https://lichess.org/9qW9sLHW#61,
00O14,6k1/3P1pp1/4p3/p7/Q3R3/3q1PP1/1P3PK1/2r5 w - - 0 37,a4d4 d3f1 g2h2 f1h1,996,77,72,196,endgame mate mateIn2 short,https://lichess.org/IynnE0r9#73,
00O3h,5k2/R3Rp2/6p1/1p5p/1P5K/2nr4/7P/8 b - - 7 43,d3d4 h4g5 c3e4 g5h6,1203,82,91,2211,crushing defensiveMove endgame short,https://lichess.org/71bhLvdU/black#86,
00O9Z,5QR1/5p1p/1b3qp1/p6k/P2P4/8/1P2rPPP/5RK1 w - - 7 32,g8h8 f6f2 f1f2 e2e1 f2f1 b6d4 g1h1 e1f1,1613,78,85,898,backRankMate deflection endgame fork master mate mateIn4 pin sacrifice veryLong,https://lichess.org/DKnGKRmQ#63,
00ON5,8/k1p5/P7/3N4/3P2pp/3K2n1/6P1/8 w - - 1 47,d3e3 h4h3 e3f2 h3h2 f2g3 h2h1q,1701,97,100,32,advancedPawn crushing endgame knightEndgame long promotion,https://lichess.org/d71Ts3ff#93,
00OOp,5rk1/1bR3q1/pQ6/8/6r1/4R2P/P7/6K1 w - - 0 28,h3g4 g7g4 e3g3 g4g3,1053,91,86,84,endgame mate mateIn2 short,https://lichess.org/N1WcEYJH#55,
00OPi,5k2/5p1p/1p1P2p1/1B6/5P2/1P3KP1/n6P/8 w - - 0 38,f3e4 a2c3 e4d4 c3b5,669,83,98,422,advantage endgame fork master short,https://lichess.org/4K29qsm1#75,
00OPk,6rk/7p/R2N3P/1r6/1P5K/P7/8/8 b - - 4 50,b5d5 d6f7,816,103,93,914,endgame mate mateIn1 oneMove,https://lichess.org/aDJVIeGE/black#100,
00OQt,8/8/8/p3b3/P1B2pKp/1Pk1p2P/6P1/8 w - - 8 50,g4h4 c3d2 h4g4 e3e2 c4e2 d2e2,1663,75,88,359,advancedPawn bishopEndgame crushing endgame long,https://lichess.org/vZaFj9IE#99,
00OR6,2r4k/5Q1p/p7/1pq5/4p2N/2P3bP/PP4P1/4R2K b - - 0 34,g3e1 f7f6 h8g8 h4f5 c5f5 f6f5,2265,79,82,116,advantage endgame long quietMove,https://lichess.org/kMLJ7GPV/black#68,
00OXc,8/5K1p/1p4pk/8/3brp2/5R2/8/8 b - - 5 50,g6g5 f3h3,686,103,92,873,endgame master mate mateIn1 oneMove,https://lichess.org/Dp1LJyaZ/black#100,
00Oqz,5r2/7r/2kpqB1P/p1p1p2Q/P3P3/2PP4/5P1K/6R1 w - - 0 40,g1g6 f8f6 g6f6 e6f6,906,89,93,421,crushing endgame master short,https://lichess.org/OxaRmufB#79,
00Oyf,8/1p6/7p/3k1pp1/1P5P/3K1P2/6P1/8 w - - 0 39,h4g5 h6g5 d3c3 d5e5 c3c4 e5f4 c4c5 f4g3,2707,87,82,184,crushing endgame pawnEndgame veryLong zugzwang,https://lichess.org/eysZBqWU#77,
00Ozz,3kRr2/3n1B1p/2pP4/p1n5/Ppp5/8/1P3PPP/4R1K1 b - - 8 32,f8e8 e1e8,868,100,84,196,endgame mate mateIn1 oneMove,https://lichess.org/gO3w1uZJ/black#64,
00P45,3r1r2/p1p2p1k/1p2pPpp/7P/3qBQ2/8/PPP3P1/5R1K b - - 0 27,e6e5 h5g6 f7g6 f4g4 f8f6 f1f6 d4d1 g4d1 d8d1 h1h2,2466,94,90,40,advantage endgame veryLong,https://lichess.org/HlG7NGUO/black#54,
00P7n,r4rk1/p1p1R1pp/2p2p2/5P2/6Q1/1P5P/q5PK/8 b - - 1 30,a2b3 g4g7,1465,456,71,8,endgame mate mateIn1 oneMove,https://lichess.org/bFrOMLOq/black#60,
00P81,6k1/5p2/4p2p/3pPP2/1R5P/7r/2B5/2b2K2 b - - 0 46,h3c3 b4b8 g8h7 f5e6 c3c2 e6e7,2217,74,93,6773,advancedPawn crushing discoveredAttack endgame long sacrifice,https://lichess.org/SIETCqbJ/black#92,
00PHg,R7/P4p2/5k1p/q5n1/5R2/7P/5PK1/8 b - - 2 46,f6e5 a8e8 e5f4 a7a8q a5a8 e8a8,1421,75,94,2089,advancedPawn advantage clearance endgame long promotion,https://lichess.org/u5o6sm6r/black#92,
00PrK,r7/7R/P3k3/4p2p/3b2p1/3K4/8/5R2 b - - 7 55,a8a6 h7h6 e6d5 h6a6,969,81,91,183,crushing endgame short skewer,https://lichess.org/N9FWAV9a/black#110,
00PvX,8/n7/P7/3k4/PK6/7P/5PP1/8 w - - 0 53,b4a5 d5c5 f2f3 a7c6,1660,75,86,241,endgame knightEndgame mate mateIn2 short,https://lichess.org/tH6dRFcZ#105,
00Pw1,5r1k/2p3Rp/3p4/p2Pn3/1p2B3/1P6/PKP2r1P/6R1 b - - 1 28,f2e2 g7h7,1127,75,98,815,endgame master mate mateIn1 oneMove,https://lichess.org/WAkWH6IK/black#56,
00Q4v,8/2p1b3/q1Pp2k1/3Pp3/4Pr2/1Q3PK1/3N2P1/7R w - - 1 47,h1e1 e7h4 g3h2 h4e1,1228,81,74,64,crushing endgame short skewer,https://lichess.org/gHKVgDSR#93,
00QCe,1k5r/n2r2pp/5p2/ppN5/5P2/8/2R3PP/1R4K1 b - - 3 28,d7c7 c5a6 b8b7 a6c7,1398,75,93,1300,crushing endgame fork short,https://lichess.org/fovXj5D1/black#56,
00QHM,6k1/pp3rpp/4Nb2/4p3/1B1r4/6PK/PP5P/2R5 b - - 0 28,d4b4 c1c8 f6d8 c8d8 f7f8 d8f8,913,97,95,218,endgame long mate mateIn3,https://lichess.org/VyUHT6ng/black#56,
00QOa,6rk/1pp1R1p1/6Bp/2b4P/8/pP3PK1/P1P5/8 w - - 5 32,e7c7 c5d6 f3f4 d6c7,865,108,95,525,crushing endgame fork short,https://lichess.org/afclLtrR#63,
00QQS,2r3k1/1p1q1ppp/4p3/Q7/3P4/P1B5/1Pr2PPP/R5K1 b - - 0 22,d7d4 c3d4 c2c1 a5e1,1828,167,43,18,advantage endgame hangingPiece short,https://lichess.org/tG606j71/black#44,
00QVZ,8/7p/4K3/6p1/2k3P1/8/5P2/8 b - - 0 43,c4d4 e6f5 h7h6 f5g6 d4e4 g6h6,1459,75,81,519,crushing endgame long master pawnEndgame,https://lichess.org/gVqoHhuS/black#86,
00QW1,8/3r1ppp/4p3/k3P3/pR2R2P/2P5/2Kr1PP1/8 w - - 4 31,c2c1 d2d1 c1b2 d7d2 b2a3 d1a1,901,92,95,213,endgame exposedKing long mate mateIn3 rookEndgame,https://lichess.org/I3LnvYRW#61,
00QY3,2k3r1/pp5p/4p3/2p2p2/2P5/P4P1q/1PQ1RR1b/7K w - - 0 32,f2h2 h3f1,1048,76,88,283,endgame master mate mateIn1 oneMove,https://lichess.org/Ip4qQXo1#63,
00QjF,8/8/1pr1p1kp/pbPp2pN/3Pp1P1/1P2K3/P6P/2R5 b - - 0 29,e6e5 c5b6 c6c1 b6b7 c1e1 e3d2,2103,76,86,703,advancedPawn crushing endgame long master sacrifice,https://lichess.org/oPvDBkpv/black#58,
00Qlc,8/5R2/P7/2p1r3/2Pp2k1/3K4/5p2/8 b - - 1 54,e5f5 f7f5 g4f5 d3e2 f2f1q e2f1,1596,76,93,1262,crushing endgame long rookEndgame,https://lichess.org/CvcBVbVr/black#108,
00Qo8,8/8/RP4p1/1r1N1pkp/P1n1p3/6P1/6P1/4K3 b - - 0 49,b5d5 b6b7 d5d8 a6a8,1064,79,94,269,endgame,https://lichess.org/Sxlq7BKB/black#98,
00QyM,8/3k4/1pp3p1/4Pp1p/2PK1P1P/pP6/P7/8 b - - 1 35,d7e6 b3b4 e6e7 b4b5 c6b5 c4b5,2203,76,94,924,crushing endgame long pawnEndgame quietMove zugzwang,https://lichess.org/DcRRuwOx/black#70,
00R0m,8/4k2p/Q1p1p3/p2pP1r1/q7/P6P/1P3PK1/2R2R2 w - - 1 28,g2f3 a4e4,1356,98,38,32,endgame mate mateIn1 oneMove,https://lichess.org/qcC85YJl#55,
00R2A,2kr1b1R/p5p1/8/3P1p2/8/4B3/PPPK1P2/8 w - - 1 25,c2c4 f8b4 d2d3 d8h8,881,78,99,1361,crushing discoveredAttack endgame short,https://lichess.org/ZjzT3REI#49,
00R4l,r1b5/p4pkp/3p2p1/2pPr3/2P5/1P1B4/R4PPP/R5K1 w - - 0 24,a2a7 a8a7 a1a7 e5e1 d3f1 c8f5,1541,75,89,1547,advantage defensiveMove endgame long,https://lichess.org/IQW9ts1W#47,
00R9D,8/1k6/1pn1R3/8/Pp4p1/4P3/5PK1/8 w - - 0 51,e6e4 b4b3 e4g4 b3b2,1220,168,82,8,advancedPawn crushing endgame short,https://lichess.org/3ZXSyu03#101,
00ROK,5k2/p1p2R2/1r2rp2/3p1Q2/2qP2R1/2P4P/6PK/4q3 b - - 0 33,f8f7 f5h7 f7f8 g4g8,1630,74,100,298,endgame mate mateIn2 short,https://lichess.org/EXabGwlP/black#66,
00RPk,8/2p5/5ppp/1PkP4/p4PPP/P1K5/8/8 b - - 0 39,c5b5 c3d4 c7c5 d5c6 b5c6 d4c4,2543,81,93,1095,advantage defensiveMove enPassant endgame long pawnEndgame,https://lichess.org/vOFXdfEu/black#78,
00RWr,6k1/5pp1/n3p2p/1q1pN3/8/4PB1P/Q4PPK/2r5 b - - 3 36,a6c5 a2a8 g8h7 e5f7 b5b2 a8h8 h7g6 h8g8 g6f6 f3h5,2974,114,88,413,crushing defensiveMove deflection endgame veryLong,https://lichess.org/20uXWTrv/black#72,
00RXz,1k1r4/pp1b4/2pq1p1p/6p1/8/1Q4P1/PP3PBP/3R2K1 b - - 0 27,d6e6 b3e6 d7e6 d1d8,1229,76,80,253,advantage endgame queensideAttack short,https://lichess.org/KgK5s7Qu/black#54,
00RYH,1k5r/ppp1R2p/3r1p2/5Q2/3p4/2qP4/2P2PPP/2K1R3 b - - 5 26,d6a6 e7e8 h8e8 e1e8,1029,83,89,119,backRankMate endgame mate mateIn2 short,https://lichess.org/qGI2u50w/black#52,
00Rcs,3k4/ppp2p1r/4p2P/5n2/3Pp1N1/2P2K2/P1P3P1/7R w - - 0 30,f3e4 f5g3 e4f4 g3h1,849,89,95,2246,crushing endgame fork short,https://lichess.org/6z8dEdCK#59,
00Rep,8/8/b1k5/p1N5/2p5/1P4P1/P6P/6K1 w - - 1 51,c5a6 c4c3 b3b4 c3c2,1625,76,94,570,advancedPawn crushing endgame knightEndgame short,https://lichess.org/jXFjUSJk#101,
00Rk3,8/1p2rppk/5q1p/Q4R2/2P5/PP5P/5PP1/5rK1 w - - 0 32,g1f1 f6a1 a5e1 e7e1,885,82,100,191,endgame mate mateIn2 short,https://lichess.org/9ceeRcuK#63,
00Rmm,2rr2k1/5ppp/p7/1p1nP3/1B1P1PP1/PK5P/4R3/3R4 w - - 4 30,e2c2 c8c2 b3c2 d5e3 c2d3 e3d1,1559,75,98,1205,advantage attraction endgame fork long,https://lichess.org/MjgWCyPg#59,
00Rvy,r6k/6bp/p7/2Q5/8/5P2/4bKPP/8 b - - 2 37,e2d3 c5d5 a8f8 d5d3,1296,84,9,54,advantage endgame fork short,https://lichess.org/AFL6C8p8/black#74,
00SCA,8/2Q5/2p2nk1/8/2r2K2/8/8/8 w - - 4 71,f4e5 c4e4 e5d6 f6e8 d6d7 e8c7,1206,77,95,1450,crushing endgame fork long,https://lichess.org/JVchiAe8#141,
00SIq,r3r1k1/1Q3ppp/8/pP6/2q5/7P/3R2P1/5R1K w - - 0 30,f1f7 c4f7 b7f7 g8f7,1903,75,83,245,crushing endgame short,https://lichess.org/WCK83FsZ#59,
00SPy,4r3/5pk1/pp3p2/7q/1P3P1p/P6P/4R1P1/3Q1R1K b - - 0 34,e8e2 f4f5 g7h6 d1d8,2422,94,86,74,advantage endgame quietMove short,https://lichess.org/b7nzWOyx/black#68,
00STy,8/1R5R/4kpp1/4p3/4P2K/5P1P/r7/6r1 b - - 10 40,a2h2 b7b6,1524,80,83,618,endgame master mate mateIn1 oneMove rookEndgame,https://lichess.org/yc8Ey5PU/black#80,
00SUF,1n6/1P6/5pp1/8/2k3PP/4P3/3K4/8 b - - 0 51,c4c5 h4h5 g6h5 g4h5 c5d6 h5h6,1344,78,64,864,crushing endgame knightEndgame long master,https://lichess.org/zGMp3vwR/black#102,
00SeK,7k/pp5p/4r1pP/5pP1/3Q1n2/P1P5/KP6/5q2 b - - 1 35,h8g8 d4g7,995,179,89,29,endgame mate mateIn1 oneMove,https://lichess.org/GRpzFRNZ/black#70,
00SiY,8/8/3p2N1/3Pp1n1/4Pp1p/3k1P1P/6K1/8 w - - 8 57,g6h4 d3e2 h4f5 g5f3,2086,77,91,2572,crushing endgame knightEndgame master short zugzwang,https://lichess.org/nqOd6mWK#113,
00Sr6,4r2k/pQ5p/1p3p2/8/2p2P2/P6q/8/3R1RK1 w - - 0 37,b7f3 e8g8 g1f2 h3h2,1532,97,81,32,advantage endgame master short,https://lichess.org/jfGXGyER#73,
00SsI,6R1/p4p1p/2p1pp1k/8/2N5/4b1R1/4K1PP/2q5 b - - 1 29,e3g5 g3h3 g5h4 h3h4,1071,75,98,747,endgame,https://lichess.org/WfTPI1ZC/black#58,
00Svg,8/p7/1p4k1/2pN2p1/4Pp2/P1P4r/1P3KR1/8 w - - 6 50,f2e2 f4f3 e2f2 f3g2,1182,78,64,102,advancedPawn advantage endgame fork master short,https://lichess.org/hCcakyYf#99,
00T85,8/8/8/8/8/4K3/1k3Q2/1q6 b - - 5 53,b2c1 f2d2,1014,82,93,1509,endgame master mate mateIn1 oneMove queenEndgame,https://lichess.org/j3dOR5SJ/black#106,
00TAb,6k1/5pp1/p1N1b3/1n5p/1B4P1/P4P1P/2K5/8 b - - 2 42,e6d5 c6e7 g8h7 e7d5,700,97,94,279,advantage endgame fork master short,https://lichess.org/vPUJ0Lkg/black#84,
00TFd,1R6/8/p1P3k1/6pp/1P6/6PK/r6P/8 w - - 1 40,c6c7 g5g4 h3h4 a2h2,1132,219,100,18,deflection endgame mate mateIn2 rookEndgame short,https://lichess.org/olkVoMlg#79,
00TLz,8/p3Q2p/6p1/4p1k1/5q2/8/Pr4PP/6K1 b - - 1 36,f4f6 h2h4 g5f5 g2g4 f5g4 e7f6,1464,75,82,539,advantage deflection endgame long,https://lichess.org/iQZPp2A2/black#72,
00TOX,b7/p1k1pp2/1pn2qp1/8/4B3/1PNR4/P1P2PP1/5K2 b - - 1 26,a7a6 c3d5 c7b8 d5f6,782,76,86,207,crushing endgame fork short,https://lichess.org/bAOdaE0p/black#52,
00TOt,5bk1/5ppp/8/Q7/3p4/8/P1K1q2P/2R5 w - - 2 33,a5d2 d4d3 c2c3 f8b4,1403,75,87,1475,crushing endgame short,https://lichess.org/azv2NWmg#65,
00TQf,4r1k1/p1R1n2p/4N3/5rK1/8/6PP/P3R3/8 w - - 3 46,g5g4 h7h5 g4h4 e7g6,1309,76,93,2005,endgame mate mateIn2 short,https://lichess.org/aPLWBAFg#91,
00TRo,5q1k/2r3p1/1p2p2b/3p2NQ/3P4/1p6/5R2/6K1 b - - 1 38,f8b4 h5e8 b4f8 f2f8,1924,76,93,3969,endgame mate mateIn2 short,https://lichess.org/h4dPcMj5/black#76,
00TU2,1k1r4/1p3Qp1/p2q3p/3N4/1b6/8/PP3PPP/2R3K1 w - - 4 22,d5b4 d6d1 c1d1 d8d1,582,92,92,1296,backRankMate endgame mate mateIn2 sacrifice short,https://lichess.org/p32396Rd#43,
00TV2,6k1/p1Q2p1p/4p1p1/3p4/1r6/7P/Pq3PP1/5RK1 b - - 2 26,b2a2 c7c8 g8g7 c8c3 d5d4 c3b4,1733,74,89,664,advantage endgame fork long master,https://lichess.org/6qHoYzpM/black#52,
00TXF,3R4/6pk/4rp1p/p1N1P3/1p3P2/1Pb4P/6P1/6K1 b - - 1 33,e6c6 e5e6 c6e6 c5e6,1734,76,90,174,crushing endgame short,https://lichess.org/l8slGC2i/black#66,
00Ta0,4k3/1R6/6p1/4Np1p/7P/2r3PK/5b2/8 w - - 11 47,e5g6 c3g3 h3h2 g3g6,1120,76,95,2274,crushing endgame fork short,https://lichess.org/kDwb7v3y#93,
00Tge,8/5k2/8/1p1p2pN/1PpP1nP1/2P1KP2/8/8 b - - 10 58,f4h5 g4h5 f7g7 f3f4,1100,78,95,2474,crushing endgame short,https://lichess.org/Jri9vZwO/black#116,
00TiV,8/1kp5/4n3/3pN3/r2P3R/2K4P/8/8 w - - 5 48,e5f3 a4a3 c3c2 a3f3,1175,83,93,1197,crushing endgame short skewer,https://lichess.org/Wm6c0Vk6#95,
00Tll,5r1k/1pp3p1/7p/pP1N4/P3P3/2PP3P/3BnbPK/R7 w - - 2 27,d5c7 f2g3 h2h1 g3c7,1554,75,90,1478,advantage endgame fork short,https://lichess.org/rnssRcMM#53,
00Tmr,2r2rQk/6pp/p6N/1p1p4/2pq4/P6P/1P3PP1/4R1K1 b - - 9 36,f8g8 h6f7,947,78,100,197,endgame mate mateIn1 oneMove smotheredMate,https://lichess.org/d74dVX2e/black#72,
00TuA,8/6p1/8/pp2k1p1/2p2p2/2P1KPPP/PP6/8 w - - 0 37,e3f2 f4g3 f2g3 e5f5,2282,87,90,1332,crushing defensiveMove endgame pawnEndgame short,https://lichess.org/qtped91w#73,
00U2C,8/8/6RP/2p5/p1k1pP2/4P3/np1K4/8 w - - 0 48,g6b6 a2b4 b6b4 c4b4 d2c2 b4a3 h6h7 a3a2,2334,92,90,1570,crushing defensiveMove endgame master quietMove veryLong,https://lichess.org/ZQ9GNX6h#95,
00UEs,8/3R3p/5kp1/8/2Bnp3/1P5P/P6r/4K3 b - - 1 40,f6e5 d7d5 e5f4 d5d4,1512,76,88,882,advantage deflection endgame master short,https://lichess.org/Owc0qiXL/black#80,
00UHZ,3n2k1/6p1/pp3p1p/8/2r1NR1P/6P1/1PP5/1K6 b - - 1 32,d8e6 e4f6 g7f6 f4c4,1071,79,89,3456,advantage discoveredAttack endgame short,https://lichess.org/bQ4MdAO1/black#64,
00UOA,6k1/5p1p/4pbp1/p2p4/2rP1P2/P3B1P1/1P2R1KP/8 b - - 0 30,f6d4 b2b3 c4c2 e2c2,1640,75,84,207,advantage endgame short,https://lichess.org/DUwr5LiX/black#60,
00Ui0,r5k1/5pp1/2p5/P1N4p/2Pp1n2/1P3P2/5P1P/3R2K1 w - - 1 26,d1d4 f4e2 g1f1 e2d4,673,96,92,1840,crushing endgame fork short,https://lichess.org/R2pJ0rIG#51,
00UkB,8/8/n1R4p/P5p1/r4p1k/7P/5PK1/8 b - - 5 50,a4a5 c6h6,561,94,96,166,endgame mate mateIn1 oneMove,https://lichess.org/A2DzkmFy/black#100,
00V0G,8/6P1/5k1K/8/8/3p4/PR6/6r1 w - - 1 49,b2d2 g1h1 d2h2 h1h2,1122,81,90,720,endgame mate mateIn2 rookEndgame short,https://lichess.org/UYjzL2st#97,
00V8g,8/4k3/8/1K1n4/P7/8/1P6/8 b - - 0 57,d5c7 b5c6 e7d8 c6b7 d8d7 a4a5,2390,83,77,88,crushing defensiveMove endgame knightEndgame long,https://lichess.org/iPi2LNEj/black#114,
00VC1,1k2r3/p2r1R2/2Q5/1p5p/P1P3p1/8/6PP/7K w - - 2 44,c6d7 e8e1 f7f1 e1f1,428,119,71,488,backRankMate endgame mate mateIn2 queenRookEndgame short,https://lichess.org/EjJXrCqs#87,
00VDN,3r4/3r2k1/p7/3p2p1/3R2Pp/1P2PK2/P2R4/8 w - - 0 38,e3e4 d5e4 f3e3 d7d4,1496,79,50,47,crushing discoveredAttack endgame master rookEndgame short,https://lichess.org/Tex5WhjM#75,
00VEe,3r4/4k3/3pn3/p3r1p1/PpB3K1/1P4P1/3R4/7R b - - 3 47,d8f8 h1h7 f8f7 h7f7 e7f7 d2d6,1510,106,100,48,crushing endgame long master masterVsMaster,https://lichess.org/igcJqKC1/black#94,
00VFK,8/6pk/7p/Q7/6P1/3q3K/1P5P/8 w - - 1 45,h3h4 g7g5 a5g5 h6g5,1009,93,93,982,crushing endgame master queenEndgame short,https://lichess.org/cuisbvqQ#89,
00VGt,3K4/8/2P5/6pp/1n6/5PkP/R5P1/8 w - - 3 61,a2a5 b4c6 d8d7 c6a5,824,98,92,427,crushing endgame fork short,https://lichess.org/kgtHwkuS#121,
00VIe,8/8/8/P6p/8/2RnkN2/r7/3K4 w - - 1 60,f3e1 a2d2,2039,79,94,18900,endgame mate mateIn1 oneMove vukovicMate,https://lichess.org/ugqyRWZm#119,
00VRm,3r2k1/pQ3pp1/1p2p2p/8/2P5/1P6/P3qPPP/5RK1 w - - 0 22,b7a7 d8d1 a7a8 g8h7 a8e4 e2e4,1435,78,80,72,crushing endgame long master,https://lichess.org/9VSX0Fck#43,
00VhV,5k2/5P2/4K3/4p3/ppp1P3/2P1P3/PP4P1/8 w - - 2 50,g2g4 a4a3 c3b4 a3b2,1589,75,90,448,advancedPawn crushing endgame pawnEndgame short,https://lichess.org/ZIHizXwv#99,
00ViT,6k1/5pp1/4p2p/1p1bPP2/1P1P1KP1/1r6/3B1R1P/8 w - - 0 37,f5f6 g7g5,1402,111,69,82,endgame mate mateIn1 oneMove,https://lichess.org/GZhSC72T#73,
00Vqp,8/5ppp/4p3/p6k/6R1/4P2P/3q1PP1/2R3K1 w - - 2 33,c1c7 d2d1 g1h2 d1d6 g2g3 d6c7,1559,75,86,214,crushing endgame fork long queenRookEndgame,https://lichess.org/XBjzqhJt#65,
00Vt0,1k4r1/pp3p2/3qp3/2N5/1P1bp3/P3P3/5P2/2RR1K2 b - - 1 27,d6e5 c5d7 b8a8 d7e5,786,98,93,702,advantage endgame fork short,https://lichess.org/Slko3RVs/black#54,
00W3Q,3r1k2/5p2/Np3P1p/1P2pR2/2p1N3/b1P1n3/P5PP/6K1 w - - 0 32,f5e5 d8d1 g1f2 e3g4 f2e2 d1d3,2157,92,83,62,advantage endgame fork long master masterVsMaster,https://lichess.org/aznxTSjS#63,
00W5B,1r4k1/p5pp/5p2/2Rb4/1P4P1/P2r4/3P3P/3B1RK1 b - - 3 34,d3d2 c5d5 d2d5 d1b3 g8f8 b3d5,1415,75,82,263,advantage attraction endgame long pin sacrifice,https://lichess.org/6Gi4gAvw/black#68,
00WG3,8/pk1r1Rp1/1p2p2p/4P1bP/3rN3/8/PP6/1K3R2 b - - 4 33,d4d1 f1d1 d7f7 e4d6 b7c7 d6f7,1053,78,98,197,crushing endgame fork long pin,https://lichess.org/Pwj0MKtJ/black#66,
00WJN,5Q2/7K/8/8/4p2P/3kq3/8/8 b - - 1 53,e3g3 f8a3 d3d2 a3g3,1324,78,85,615,crushing endgame queenEndgame short skewer,https://lichess.org/27eUCFoJ/black#106,
00WNb,8/8/1KpB4/Pb6/1P5p/5k2/8/8 b - - 3 55,f3g2 a5a6 g2f3 a6a7,1051,78,83,240,advancedPawn bishopEndgame crushing endgame master short,https://lichess.org/y1pq4fXt/black#110,
00WTN,8/7R/B2k4/2pnp3/P7/3KP3/1r6/8 w - - 1 43,a6c4 e5e4 d3e4 d5f6,2046,75,96,7153,attraction crushing endgame master short,https://lichess.org/BRK2G49n#85,
00WVK,k7/7R/p1P5/4K3/1P6/r6p/8/8 b - - 2 51,a3b3 h7h8 a8a7 c6c7,1956,77,91,354,advancedPawn crushing endgame master rookEndgame short,https://lichess.org/CMbwiChz/black#102,
00WbE,5rk1/2pp1q1p/n5p1/pp1PP3/3PB1PP/P2Q1p2/5P2/R5K1 w - - 0 25,d3b5 f7f4 b5d7 f4e4,1675,76,79,53,crushing endgame short,https://lichess.org/kCb1myun#49,
00Wfu,3qr1k1/p4p1p/6p1/3pQ3/8/1P3P2/P5PP/3R2K1 w - - 2 26,e5d5 e8e1 d1e1 d8d5,1324,106,73,30,advantage deflection endgame master short,https://lichess.org/gxWHwrUj#51,
00Wi9,8/8/3n1P2/2k5/2pp1K2/P7/8/3B4 w - - 2 63,f4e5 d4d3 f6f7 d6f7,1743,75,95,4634,crushing endgame master short,https://lichess.org/kGGKKGh6#125,
00WiX,1Q6/5kpp/1p2p3/p1p1r3/2Pn4/6P1/P4P1P/6K1 w - - 0 32,b8e5 d4f3 g1f1 f3e5,1030,76,100,214,crushing endgame fork short,https://lichess.org/8Rt0e7k1#63,
00WoW,8/4kppR/r1p1p2p/p3P2P/4P1P1/1pP1KP2/6B1/8 w - - 0 29,e3d2 a5a4 g2f1 a4a3 f1a6 a3a2,2093,80,91,1282,advancedPawn advantage endgame long master quietMove sacrifice,https://lichess.org/cuQl3aZ8#57,
00Wp4,3r1k2/p4p2/1p4p1/1Pn4p/4BP1P/6P1/P2p3K/3R4 b - - 1 44,c5d3 d1d2 d8d4 e4d3,1192,78,91,446,advantage endgame master short,https://lichess.org/qyB8QR8D/black#88,
00Wqc,4k3/5p2/3P4/p5p1/6Pp/1P1K3n/P7/2B5 w - - 0 33,d3e3 h3f4 e3f3 h4h3,1635,138,88,9,crushing endgame master quietMove short,https://lichess.org/dR2Wb2zs#65,
00WtH,8/2R2pk1/4p1pp/3p4/3Pq2P/1r2P1P1/5P1K/5Q2 w - - 2 45,f1c1 b3b1 c1b1 e4b1,1215,75,100,398,crushing endgame short,https://lichess.org/Xixh3rxR#89,
00Wyh,2r5/8/8/pNp1r2p/3kNppP/1P1P4/2R2K2/8 b - - 2 42,d4d3 c2d2 d3e4 b5d6,1736,76,94,12200,endgame mate mateIn2 sacrifice short,https://lichess.org/2mLJufzX/black#84,
00WzB,8/8/8/P1K1p3/5k1p/5b1B/5P2/8 w - - 3 46,h3f1 f3a8 c5d6 e5e4 f1g2 f4g4 a5a6 h4h3 g2h1 e4e3 h1a8 e3f2 a8f3 g4g3 a6a7 f2f1q a7a8q f1f3,2844,111,90,2194,advancedPawn bishopEndgame crushing endgame promotion quietMove veryLong,https://lichess.org/VEqrGfJg#91,
00X0Q,6R1/8/8/8/1KP5/3r4/PP3kp1/8 w - - 3 52,c4c5 d3g3 g8g3 f2g3 c5c6 g2g1q,1404,75,90,1511,advancedPawn crushing endgame long promotion rookEndgame,https://lichess.org/aWPHCaqm#103,
00X1l,5r1k/Q6p/1pb3p1/4q3/4p3/1BP2p1P/PP4P1/5RK1 b - - 0 30,f3g2 f1f8,852,100,83,370,endgame hangingPiece mate mateIn1 oneMove,https://lichess.org/IPGWdtue/black#60,
00X2S,2kr4/1p4pp/p1p1b3/Q3Bq2/8/4PB2/1PP2PPP/1K6 b - - 2 24,g7g5 a5c7,1134,244,30,18,endgame mate mateIn1 oneMove,https://lichess.org/4JI17kTq/black#48,
00X2j,8/5KP1/R1k5/8/2pp4/8/8/6r1 b - - 1 50,c6c5 a6g6 g1g6 f7g6 d4d3 g7g8q,1594,76,96,9839,advancedPawn crushing endgame long promotion rookEndgame,https://lichess.org/GY1HtJCo/black#100,
00X5a,3N3k/pQ5p/4p1p1/3q4/8/2b1P1P1/P3RPKP/4n3 w - - 1 28,g2h3 d5h5,1202,76,96,744,endgame master mate mateIn1 oneMove,https://lichess.org/lNuqw2ZK#55,
00X66,4r1k1/6pp/1R3p2/P7/1P1p4/2b3BP/5PP1/5K2 w - - 2 31,g3f4 e8e1,413,105,93,167,endgame mate mateIn1 oneMove,https://lichess.org/9WU44YEe#61,
00XCT,6Q1/7K/2k5/3r4/8/8/8/8 w - - 5 82,h7h8 d5h5 g8h7 h5h7,1064,78,100,388,endgame equality queenRookEndgame short,https://lichess.org/I94rnuWS#163,
00XNY,2r5/p4p1k/1p1pq3/2p2p2/7R/2Q4P/1P3PP1/6K1 b - - 1 34,h7g8 c3h8,491,94,79,112,endgame mate mateIn1 oneMove,https://lichess.org/eG661aPJ/black#68,
00XQ8,k4r2/pp6/2p3Q1/3p2P1/4r2P/8/PPP2q2/2KR3R w - - 1 30,h1f1 f2e3 c1b1 f8f1 g6g8 e4e8,1519,75,93,1132,advantage discoveredAttack endgame long,https://lichess.org/bjvSXgAE#59,
00XTV,8/2k4p/p2p2p1/2pP1p2/2P4P/3K4/P2R1PP1/4r3 w - - 0 28,d2e2 e1e2 d3e2 c7b6 e2f3 b6a5 a2a3 a5a4,1575,76,94,10866,crushing endgame master rookEndgame veryLong,https://lichess.org/6kM7Fimp#55,
00XZR,8/2p5/p1n5/1pP1p2k/1P1p4/P2P3P/5P2/R4KRq b - - 9 34,h1h3 f1e2 e5e4 g1h1 e4d3 e2d2,1552,76,93,1170,crushing defensiveMove endgame long pin,https://lichess.org/cvl7Zq2b/black#68,
00XbN,6k1/R4p1p/6P1/3p4/8/2b5/1r2rBPP/5RK1 b - - 0 26,e2f2 g6f7 g8f8 a7a8,2018,80,92,2130,advancedPawn advantage endgame short,https://lichess.org/RsJhaWfC/black#52,
00Xiu,8/pp3Q1p/1n2B1pk/8/6Pq/7P/PPP2P2/2K5 w - - 10 31,f2f4 h4e1,605,85,79,148,endgame mate mateIn1 oneMove,https://lichess.org/cVckB6RZ#61,
00XoP,6r1/p6k/1p4rp/3q1Q2/8/P7/4Rp1P/5R1K w - - 0 37,f5d5 g6g1 f1g1 f2g1q,686,89,76,66,advancedPawn endgame mate mateIn2 promotion queenRookEndgame short,https://lichess.org/KLJMqvTZ#73,
00Y1c,5rk1/Q4p2/5p1p/2q5/8/8/P1r2PPP/3RR1K1 w - - 4 23,a7d7 c5f2 g1h1 f2g2,800,90,96,449,endgame mate mateIn2 short,https://lichess.org/T4YH4yAb#45,
00Y6y,5k2/5pp1/8/1p2N3/1P6/7P/3nR1P1/2r3K1 w - - 1 48,g1h2 d2f1 h2g1 f1g3 g1f2 g3e2,1232,76,92,521,advantage discoveredAttack endgame long,https://lichess.org/Rv29Dipi#95,
00YHj,5k2/1p6/8/4p2B/1R2Pp1p/3r1KpP/8/8 w - - 1 50,f3e2 d3e3 e2f1 f4f3 h5f3 e3f3,2285,81,91,8286,crushing endgame long,https://lichess.org/BqUcvzk5#99,
00YbG,8/7p/3k2p1/p5P1/P2K4/8/8/8 b - - 4 47,d6c6 d4c4 c6d6 c4b5,1787,77,66,70,crushing endgame pawnEndgame short zugzwang,https://lichess.org/onsKQucl/black#94,
00YbZ,b6k/8/6p1/4q2p/1Q3r1P/P1N3R1/1PP3PK/8 w - - 3 35,b4b6 f4h4 h2g1 e5e1,1418,80,94,5345,endgame mate mateIn2 pin short,https://lichess.org/gzVgXweE#69,
00Yfi,1Q6/5p1k/4b1pp/4RB2/3p2KP/6P1/P3q3/5r2 w - - 2 45,e5e2 e6f5,956,77,92,91,endgame mate mateIn1 oneMove,https://lichess.org/V9WbzUqF#89,
00YhS,7K/8/8/5p2/4kP2/8/6P1/8 w - - 1 62,g2g3 e4f3 h8g7 f3g3 g7f6 g3f4,979,107,68,48,crushing endgame long pawnEndgame,https://lichess.org/JnQJMMAX#123,
00YhY,8/8/5kp1/R7/4p1P1/5p1P/2r2P2/6K1 w - - 0 52,h3h4 c2c1 g1h2 e4e3,1772,75,100,239,crushing endgame rookEndgame short,https://lichess.org/umv3Et1a#103,
00Yjy,6k1/5p1p/B2bp2q/5p2/6rP/1P4P1/1Q3P2/5R1K w - - 3 34,f1d1 g4h4 g3h4 h6h4 h1g2 h4g4 g2f1 g4d1,2017,77,72,81,crushing endgame exposedKing fork sacrifice veryLong,https://lichess.org/f0Kyo2Fh#67,
00YqR,5k2/p1p4p/1pPpBp2/2qP3b/8/2PQ4/P6P/7K w - - 0 33,d3h7 h5f3,937,77,100,475,endgame master mate mateIn1 oneMove,https://lichess.org/5b6k1W51#65,
00Ytk,2k5/pp2PR2/2p4p/2Pp4/3Nb3/2K1P2r/PP6/8 b - - 0 33,h3e3 c3d2 e3d3 d2e2 c8d7 d4e6,2297,88,85,47,crushing defensiveMove endgame long,https://lichess.org/1sccsBa6/black#66,
00Z8S,8/5p2/4p1k1/4P3/8/1R4Pn/1P2Kp2/5N1r w - - 2 46,b3f3 h3g1 e2f2 g1f3,1376,159,50,16,crushing endgame fork short,https://lichess.org/9gYe3YHy#91,
00ZDZ,8/pp4k1/2p3p1/3nRr2/3P1Pp1/2P3K1/PP6/5R2 w - - 3 36,g3g4 f5e5 d4e5 d5e3 g4f3 e3f1,1733,75,96,5982,advantage endgame fork long,https://lichess.org/G2FHAUMb#71,
00ZN7,3q2k1/8/Q2p2p1/3P1p1p/1p2P1nP/1Pp5/2P3P1/5R1K w - - 0 36,e4f5 d8h4 h1g1 h4h2,892,76,97,833,endgame mate mateIn2 short,https://lichess.org/U0LXbVT4#71,
00ZPK,5r2/R2R1pk1/P7/5pp1/8/1KP5/5r2/8 b - - 0 44,g5g4 d7f7 f8f7 a7f7 g7f7 a6a7,935,99,94,1105,advancedPawn advantage endgame long master rookEndgame sacrifice,https://lichess.org/Y6yYxIcG/black#88,
00ZSZ,3r4/6pp/pNnNpk2/1p6/3pR3/8/PPP2PPK/8 w - - 4 32,e4f4 f6e5 d6f7 e5f4 f7d8 c6d8,1050,84,95,1100,advantage defensiveMove endgame long,https://lichess.org/66DBsV70#63,
00ZWD,6k1/4bpp1/1q2p3/p2pP1N1/3P3P/1P1Q2K1/5P2/8 b - - 0 33,b6b4 d3h7 g8f8 h7h8,762,112,94,334,endgame mate mateIn2 short,https://lichess.org/2rMTqooF/black#66,
00ZeT,1Q1k4/4r3/2q4p/2p1pp1P/2Bb4/1P6/P6K/4R3 b - - 4 43,d8d7 c4b5 c6b5 b8b5,1413,75,96,28316,crushing endgame pin short,https://lichess.org/c6iAy1Zc/black#86,
00Zks,8/P1R4p/5pk1/4q1p1/5P2/6KP/5QP1/7r b - - 0 51,e5c7 a7a8q c7c3 a8f3,1776,76,82,86,advancedPawn advantage defensiveMove endgame promotion short,https://lichess.org/CPhnVb98/black#102,
00ZvN,8/8/8/4kppp/8/4KPPP/8/8 b - - 0 35,f5f4 g3f4 g5f4 e3d3 e5f6 h3h4,2214,74,96,911,crushing defensiveMove endgame long pawnEndgame,https://lichess.org/IxlFLAaM/black#70,
00Zwc,r2k1r2/pp1nRR2/2pP1N1p/8/3P3p/8/PPP3P1/6K1 b - - 0 24,f8f7 e7e8,1213,76,99,556,endgame mate mateIn1 oneMove,https://lichess.org/Wo9Y7MdP/black#48,
00a98,4r1k1/p4p2/1p3q1p/1P6/3b2p1/P3B1P1/Q1P2PKP/4R3 w - - 0 32,e3d4 f6f3 g2f1 f3h1,1554,85,90,28,endgame mate mateIn2 short,https://lichess.org/pgdIGRB3#63,
00aL1,8/5pr1/1Q4k1/p2pp3/5Rp1/6P1/5PKP/3q4 b - - 1 33,g6h7 f4f5 d1f3 f5f3,2010,80,66,61,advantage endgame short,https://lichess.org/UKybXdi1/black#66,
00aNB,8/8/pp3k1K/2p4P/P7/2P5/8/8 w - - 0 44,h6h7 c5c4 h7g8 f6g5 g8f7 b6b5 a4b5 a6b5 f7e6 b5b4,2229,148,39,23,crushing endgame pawnEndgame quietMove veryLong,https://lichess.org/yR9wiOTR#87,
00aZ3,8/6k1/1n6/1K2p1p1/P5P1/1B3r2/1PP5/8 b - - 1 36,b6d5 b3d5 f3f4 a4a5 e5e4 a5a6 e4e3 a6a7,2049,81,88,739,advancedPawn crushing endgame hangingPiece quietMove veryLong,https://lichess.org/0yMvFk5C/black#72,
00aa9,6k1/7p/6p1/5p2/5PP1/7P/1p6/1K6 w - - 0 42,b1b2 f5g4 h3g4 h7h5 g4h5 g6h5,1495,86,100,129,crushing endgame long pawnEndgame,https://lichess.org/AEsi0Sed#83,
00agR,8/5pp1/p4n1p/1p2k3/8/1PK1P3/P1B2P1P/8 w - - 2 31,h2h3 f6e4 c2e4 e5e4,2023,75,95,3774,crushing endgame short,https://lichess.org/MUIpGzM3#61,
00all,6k1/5ppp/4p1b1/1N1pP3/1P1n4/r7/5PPP/2R2BK1 b - - 0 25,d4b5 c1c8,441,103,95,227,backRankMate endgame mate mateIn1 oneMove,https://lichess.org/84IXBueE/black#50,
00asK,2r3k1/R4ppp/8/4P3/4Q3/1qn3B1/5PPP/2R3K1 w - - 0 30,c1c3 b3d1 e4e1 d1e1,1447,84,36,94,endgame mate mateIn2 short,https://lichess.org/hlWKSG6i#59,
00au3,4B3/8/1p1k1p1p/5Pp1/p1P3P1/1nK4P/1P6/8 b - - 9 48,d6c5 e8a4 b3c1 b2b4,1173,80,90,452,crushing endgame master masterVsMaster short,https://lichess.org/yPpeNCSO/black#96,
00awK,r5k1/2p2Qpp/p7/4b3/8/8/1PP1KR2/2q5 b - - 0 24,g8h8 f7f8 a8f8 f2f8,635,84,100,247,backRankMate endgame mate mateIn2 sacrifice short,https://lichess.org/D9JaNyrl/black#48,
00awL,4q1r1/k2r1Rp1/ppp4p/2Qp4/3P4/2P1P3/PP4P1/2K2R2 w - - 0 35,c5c6 d7f7 f1f7 e8f7,1739,74,88,165,crushing endgame short,https://lichess.org/TPaROV8B#69,
00b6f,6k1/8/5B2/1R3pK1/6p1/6P1/P4P1q/8 w - - 0 41,g5f5 h2h5 f6g5 h5f7 f5g4 f7c4,1749,87,77,41,crushing endgame long,https://lichess.org/8DcVY76B#81,
00bJi,7k/1p2R3/p3N3/3p4/2n5/2P5/PPK4r/8 w - - 3 36,c2d3 h2d2,1497,75,95,1643,endgame hookMate mate mateIn1 oneMove,https://lichess.org/7QIgY2UO#71,
00bPT,2k2Q2/pp2pp2/3p1n2/2pP4/2P1P3/2q2PK1/8/5B2 b - - 1 33,c8d7 f1h3 d7c7 f8e7,1957,78,91,286,advantage deflection endgame short,https://lichess.org/SC9ZvmmO/black#66,
00bTb,7R/kppq2r1/p3p3/3p4/P2P4/BPr5/1KP5/5Q2 b - - 1 33,c3g3 f1f8 g7g8 h8g8 g3g8 f8g8,1974,206,76,9,advantage endgame long,https://lichess.org/3tgXxOlJ/black#66,
00bZ2,4b1k1/1r2P2p/p1p3pP/6q1/3Q4/PB6/1PP3P1/1K6 b - - 0 36,b7b3 d4g7,1106,84,85,178,endgame mate mateIn1 oneMove,https://lichess.org/PL5NKKII/black#72,
00baZ,r7/8/p1k5/1p1p1pn1/3R3p/2P1P2P/5P2/R5K1 w - - 0 31,d4h4 g5f3 g1g2 f3h4,812,89,88,400,crushing endgame fork short,https://lichess.org/tNXaI1nN#61,
00bgO,8/8/1p1nk3/p2N4/2P1p3/PP2K3/8/8 b - - 4 46,e6d7 d5b6 d7c6 b6a4,2409,77,76,142,crushing defensiveMove endgame knightEndgame master short,https://lichess.org/kVsJ1quC/black#92,
00bhw,8/2pR3p/1p1b3k/p2B2pP/P1P2rP1/5P2/4r3/5R1K b - - 0 31,f4d4 d5e4 d4e4 f3e4,2180,81,90,674,crushing endgame short,https://lichess.org/CVsMMWzy/black#62,
00blC,5r2/1Pk5/8/K7/8/1P3B2/8/8 w - - 1 47,f3d5 f8f5 b7b8b c7b8 a5b5 f5d5,1027,81,84,51,crushing endgame long pin,https://lichess.org/IdlWudUv#93,
00bpH,8/5p2/pq5p/1p5k/6B1/6P1/P6P/2Q4K b - - 0 36,h5g4 c1f4 g4h5 f4f5,1880,76,63,529,endgame mate mateIn2 queenEndgame short,https://lichess.org/vVLXcQQI/black#72,
00cRN,8/4rkb1/R5R1/5P1p/P6P/4p1P1/1r6/4K3 b - - 0 44,e3e2 g6g7 f7g7 f5f6 g7f7 f6e7,1726,75,79,396,advancedPawn advantage attraction endgame exposedKing fork long sacrifice,https://lichess.org/mwg2d74x/black#88,
00cZ4,8/2R5/6pk/p3p2p/4Nq2/5n1P/P2R2P1/7K w - - 0 41,d2f2 f4h2,1056,80,87,205,endgame master mate mateIn1 oneMove,https://lichess.org/uEKnkWhW#81,
00cZE,4k3/5p2/3r4/pRp3Pp/2P1p3/6P1/1KP4P/8 w - - 0 31,b5c5 e4e3 g5g6 e8f8 c5a5 e3e2,2591,89,75,58,advancedPawn crushing endgame long rookEndgame,https://lichess.org/GXkr4U3u#61,
00cud,8/5p2/6p1/1p1N1k2/1PbK4/2P3P1/8/8 b - - 0 48,c4f1 d5e3 f5e6 e3f1,938,76,97,1977,crushing endgame fork master short,https://lichess.org/XdT6vR6T/black#96,
00cxG,2r5/3RQ2p/6pk/8/5q1P/1P6/2K5/8 w - - 16 42,c2b2 f4c1 b2a2 c8c2,2059,92,60,66,endgame mate mateIn2 short,https://lichess.org/qctk0UXT#83,
00d4c,3r3k/p1p3p1/1p3q1p/4b3/2P1p3/1P2B1P1/P3QPKP/1R6 w - - 0 29,b1d1 f6f3 e2f3 e4f3 g2f3 d8d1,1697,75,91,539,advantage endgame long master,https://lichess.org/LptJDQcB#57,
00d5g,2b2rk1/pp4p1/2p5/4r3/2B5/1P6/P4pK1/5R2 b - - 4 32,g8h8 f1h1 c8h3 h1h3 e5h5 h3h5,1090,84,85,618,endgame long mate mateIn3,https://lichess.org/Vf4zaDk5/black#64,
00dTO,5q2/5rk1/3p1np1/p1p5/1pP2NP1/3PNp1P/PP5K/3Q4 b - - 1 30,f6d7 f4e6 g7g8 e6f8,810,98,95,2183,crushing endgame fork short,https://lichess.org/AQ7wJCy0/black#60,
00dTd,3r4/ppp1Q3/1b2kP2/8/4qp2/P1Pr4/1P3P2/1K2N3 b - - 5 31,e6d5 e7d8 d5c6 e1d3,1979,79,92,976,advantage endgame hangingPiece short,https://lichess.org/UVi7iEcB/black#62,
00dWq,2r1kb2/5p1p/p3p3/1p2P1Q1/1Pq5/P1p3P1/2P4P/2KR1R2 w - - 0 28,g5f4 f8h6 c1b1 h6f4,2179,75,93,2913,advantage endgame pin short,https://lichess.org/sRKDDbRV#55,
00dnp,8/Q7/7r/8/6K1/1r2k1p1/6P1/8 b - - 2 64,e3e2 a7a2 e2e3 a2b3,1317,78,94,22939,crushing endgame fork master queenRookEndgame short,https://lichess.org/hMbf0KPM/black#128,
00dpQ,6k1/5ppp/8/4rP2/1r4P1/2RK3P/8/7B b - - 0 47,b4b5 c3c8 e5e8 c8e8,570,108,81,553,backRankMate endgame mate mateIn2 short,https://lichess.org/8DGDxXX7/black#94,
00dt1,Q7/8/3B4/2p5/Krkn4/8/8/8 w - - 1 54,a4a3 d4b5 a3a2 b5c3 a2a1 b4b1,2263,88,95,13071,arabianMate endgame exposedKing fork long master mate mateIn3,https://lichess.org/AQkAsoMX#107,
00dzT,6k1/1Q4p1/p1p4p/3pP3/P3bq2/2N4P/1P4PK/5B2 w - - 1 26,h2h1 f4f1 h1h2 f1g2,1061,80,100,117,endgame hangingPiece mate mateIn2 short,https://lichess.org/Kxd5ijdt#51,
00e5u,2r2r2/1p2k1p1/p5p1/P1P3N1/3bPBpP/3K2P1/2P5/7R b - - 0 29,f8d8 f4d6 d8d6 c5d6 e7d6 d3d4,1464,84,76,58,crushing endgame exposedKing long master,https://lichess.org/n153s8Fx/black#58,
00e7H,8/7p/p1p4k/1p1p4/3Qpq2/2P2NpP/PP4K1/8 w - - 0 44,f3d2 c6c5 d4c5 f4d2,1897,75,94,12470,advantage deflection endgame master masterVsMaster short,https://lichess.org/DTE43D0V#87,
00eAX,6k1/ppprN1pp/8/8/2r5/2P5/P5PP/3R1RK1 b - - 5 26,d7e7 d1d8 e7e8 d8e8,717,87,98,850,endgame mate mateIn2 rookEndgame short,https://lichess.org/MrdsMkpV/black#52,
00eB8,4rb2/2p1q2k/p1Pp2p1/1p1Q3p/7P/2P2R2/PP4P1/1K6 b - - 1 34,f8h6 f3f7 h6g7 f7e7,967,84,96,2761,advantage endgame fork short,https://lichess.org/KYL3UuaC/black#68,
00eCY,8/6p1/5p1p/R5kP/2b3P1/1r3PK1/8/8 b - - 4 61,c4d5 a5d5 f6f5 d5f5,755,83,88,487,endgame hangingPiece mate mateIn2 short,https://lichess.org/LXHmo9rD/black#122,
00eF9,8/8/Rp1r4/2p5/P1P1kp2/1P6/4K3/8 w - - 2 57,a4a5 f4f3 e2f2 d6d2,1202,80,90,62,crushing endgame master rookEndgame short,https://lichess.org/JdY4zfQY#113,
00eGd,7R/8/p2kp3/2r4p/p4K2/6PP/P7/8 b - - 3 39,d6d5 h8h5 e6e5 h5e5,1273,76,93,2780,crushing endgame rookEndgame short,https://lichess.org/uwded1rg/black#78,
00eGy,8/6k1/pp2p3/3pPpp1/PPpP1n2/2P3KP/2R5/8 w - - 2 39,h3h4 f4h5 g3f2 g5g4,2277,78,81,128,advantage defensiveMove endgame master short,https://lichess.org/6A7qLhc2#77,
00eLW,8/8/3q3k/5Q2/4p3/4P2P/5pK1/8 w - - 0 42,f5f4 d6f4 e3f4 e4e3,1046,79,88,1249,crushing endgame queenEndgame short,https://lichess.org/jhaADLF2#83,
00eQx,5r1k/R5bp/6p1/p2Bq3/p3P3/6PK/7P/4Q3 w - - 7 39,a7a5 e5h5 h3g2 h5f3,1143,77,94,1088,crushing endgame short,https://lichess.org/fhgCrd1k#77,
00eSU,5r2/p2R4/1p3pk1/PQ4p1/4p1q1/4P1P1/6PK/8 w - - 3 34,a5b6 f8h8 h2g1 g4g3,1996,77,88,172,crushing deflection endgame short,https://lichess.org/RCXs5UcQ#67,
00eXL,8/8/3RP3/p1Pn4/1pN1k2p/8/rP1K4/8 b - - 0 40,a5a4 d6d5 e4d5 e6e7,1650,74,84,134,advancedPawn advantage endgame sacrifice short,https://lichess.org/MBrW6WzK/black#80,
00f99,6k1/p4p2/1p5R/3r2p1/1P2b1P1/P3B2P/5P2/6K1 w - - 1 35,h6h5 d5d1 g1h2 d1h1 h2g3 h1g1,1094,80,82,60,advantage endgame long,https://lichess.org/2eLSy15i#69,
00f9k,1b1r2k1/4pp1p/p1N3p1/1p6/8/PP2BN1P/6P1/6K1 b - - 0 27,d8c8 c6e7 g8f8 e7c8,853,91,86,78,crushing endgame fork short,https://lichess.org/IGibUvcX/black#54,
00f9v,5rk1/2p3p1/1p1p4/3Pp2p/1PP1N1q1/3Qr2N/6PP/6K1 w - - 0 29,d3e3 g4d1 e3e1 d1e1,766,81,100,161,endgame mate mateIn2 short,https://lichess.org/WHRVbLDr#57,
00fA6,2r3k1/p4p1p/Pn2p1p1/2rpP1P1/5P2/4B1P1/2P4R/R6K b - - 2 28,c5c2 h2c2 c8c2 e3b6 a7b6 a6a7,1841,77,83,69,advancedPawn crushing endgame long,https://lichess.org/eOhm3Aud/black#56,
00fJC,1r6/6p1/5p1p/r1kp4/Pp3q2/2pR3P/2Q2PP1/3R2K1 b - - 4 39,b8d8 d3c3 b4c3 c2c3 c5d6 c3a5,1757,74,93,541,advantage endgame fork long sacrifice,https://lichess.org/PmojFttS/black#78,
00fVJ,8/5pkp/PQ4p1/4p3/RP1pP3/8/2rq1PPP/5BK1 w - - 0 36,b6b5 d2f2 g1h1 c2c1,1409,240,82,13,crushing endgame short,https://lichess.org/Y0F35PWK#71,
00fXd,8/Q5b1/p2kp3/1p2qpN1/1P6/P7/4nPP1/5K2 b - - 5 46,d6d5 a7c5,1498,77,93,2477,endgame master mate mateIn1 oneMove,https://lichess.org/PkmRzeiI/black#92,
00fZM,5rk1/1q3r1p/3p2RQ/3p4/3B4/2P2P2/P5PP/6K1 b - - 0 30,h7g6 h6h8,983,77,96,2518,endgame mate mateIn1 oneMove,https://lichess.org/F6b275RM/black#60,
00fgg,4r1k1/p4ppp/8/8/8/8/PP1b1PPP/K2R4 w - - 0 21,d1d2 e8e1 d2d1 e1d1,589,93,63,193,backRankMate endgame mate mateIn2 rookEndgame short,https://lichess.org/AjVJZKD1#41,
00fky,5rk1/ppqb1p1p/2p2Bp1/3p4/8/2P2Q2/PP3PPP/4R1K1 b - - 0 19,f8e8 e1e8 d7e8 f3e3 c7d6 e3e8,1864,75,93,1370,advantage endgame kingsideAttack long,https://lichess.org/XuK4pm8q/black#38,
00fld,3R4/5kpp/8/p2p1p2/r2P4/2p1P2P/2Rn1PP1/6K1 w - - 0 44,d8d5 a4a1 g1h2 d2f1,1305,295,43,5,crushing endgame short,https://lichess.org/RmV6CwE1#87,
00ft3,8/p7/2R3p1/4Nnk1/2P4p/7K/Pr6/8 b - - 3 50,g5f4 e5d3 f4g5 d3b2,1264,79,86,827,crushing endgame fork short,https://lichess.org/CFT5b92o/black#100,
00fxc,4r2k/1pQ2p2/p4N1p/5P2/1P6/P1Pn1K2/4r3/6R1 w - - 1 36,c7f7 e8e3 f3g4 d3e5 g4h5 e2h2,2183,77,94,219,endgame exposedKing fork long mate mateIn3,https://lichess.org/cFwPoNNu#71,
00g2W,6k1/1q4p1/p2P2B1/8/5Q1P/6P1/P6K/4r3 w - - 5 36,f4f2 b7h1,726,94,47,39,endgame master mate mateIn1 oneMove,https://lichess.org/QG0oodxm#71,
00g9R,8/p4k2/2p3PP/2P2K2/8/2b5/P7/8 b - - 0 42,f7g8 f5e6 c3d2 h6h7,1840,74,94,834,advancedPawn bishopEndgame crushing endgame master short,https://lichess.org/dGdDx4Ku/black#84,
00gH0,3r2k1/6pp/8/5Q2/2pP4/2Pq2P1/5RKP/8 b - - 2 35,d3c3 f5f7 g8h8 f7f8 d8f8 f2f8,1339,89,83,812,backRankMate endgame long mate mateIn3 sacrifice,https://lichess.org/vnNaoc4v/black#70,
00gJf,7r/2N2p1p/p2p4/1p6/6b1/8/P3kB1P/2RR3K w - - 2 35,f2d4 g4f3 h1g1 h8g8 d4g7 g8g7,1068,131,54,16,endgame long mate mateIn3,https://lichess.org/Tbult76w#69,
00gNl,6k1/5R2/pp4p1/2p4p/7P/1P1r4/P3r1PK/5R2 b - - 0 38,d3d2 f7f8 g8h7 f1f7 h7h6 f8h8,944,77,99,1326,endgame exposedKing long mate mateIn3 rookEndgame,https://lichess.org/JhG6365X/black#76,
00gPT,2r1r3/5R2/p7/6P1/5P2/PB3bR1/1PP2k1P/2K5 w - - 1 35,g5g6 e8e1 c1d2 e1d1,1969,153,83,9,endgame mate mateIn2 short,https://lichess.org/197y5kFN#69,
00gS7,8/1r3pkp/1b4p1/2Rp4/7P/1qP3P1/1P2QP2/2B3K1 w - - 5 33,e2e5 f7f6 c1h6 g7h6 e5f4 h6g7,1657,75,75,98,advantage defensiveMove endgame long,https://lichess.org/kCNSStnU#65,
00gbj,8/8/8/3k2K1/6nP/6P1/8/8 b - - 4 57,g4e5 g5f5 e5c4 h4h5 c4d6 f5g6,2368,99,87,332,crushing defensiveMove endgame knightEndgame long quietMove,https://lichess.org/TwMT1En7/black#114,
00gcQ,8/p4p1k/1p4p1/3pQr2/3P3p/5qP1/PPB2P1K/5R2 w - - 6 35,c2d1 h4g3 h2g1 g3f2 g1h2 f3d3 d1e2 d3d2 e5f5 g6f5,2455,105,89,201,advancedPawn advantage endgame veryLong,https://lichess.org/CHTbPYuY#69,
00ghH,5r1k/6p1/1Q2pq1p/P4r2/3P4/2P1R3/6PP/4R1K1 w - - 1 39,d4d5 f5f1 e1f1 f6f1,815,78,100,829,endgame mate mateIn2 short,https://lichess.org/ycQ7nVZM#77,
00gy1,8/1p6/8/3kp2p/4p1p1/4K1P1/PP4PP/8 w - - 0 36,h2h4 b7b5 a2a3 d5c4 e3e4 c4b3,1993,99,23,25,crushing endgame long pawnEndgame quietMove zugzwang,https://lichess.org/E5BBvr3Q#71,
00gyK,5rk1/5pp1/3p3p/4p1N1/8/PR6/1p3PPP/6K1 w - - 0 33,g5e4 f8c8 g2g3 c8c1,1628,75,94,5007,crushing endgame quietMove short,https://lichess.org/LK8qER3u#65,
00h41,4Q3/p4r2/1pp1k1pR/5p2/4p1q1/8/PP3P2/5K2 b - - 3 46,f7e7 h6g6 g4g6 e8g6,1282,78,84,360,advantage endgame fork short,https://lichess.org/CgyFo5ok/black#92,
00h7S,8/p1N3pp/5k2/2PB2b1/1P4b1/P6r/6K1/4R3 b - - 0 31,h3d3 c7e8 f6g6 d5e4,1752,91,87,27,crushing endgame short,https://lichess.org/3HiYfIf1/black#62,
00h8Z,5k2/p1R4R/1p4p1/3r3q/3P4/2P2rQp/PP5K/8 b - - 4 36,f3g3 c7c8 d5d8 c8d8,1514,76,82,136,endgame mate mateIn2 queenRookEndgame short,https://lichess.org/UAWACryx/black#72,
00h95,7k/Q1p3p1/5p1p/3q4/3Pr3/4P3/P4P1P/1R4K1 w - - 2 26,a7c5 e4g4 g1f1 d5h1 f1e2 h1b1,1729,75,83,68,crushing endgame long skewer,https://lichess.org/awh9vUFg#51,
00hJY,3R4/5p1k/p5pp/6q1/1P4P1/P3rP1P/2Q5/6K1 w - - 0 35,d8d7 g5f4 c2f2 e3f3 f2f3 f4f3,2390,79,92,1630,crushing endgame long,https://lichess.org/Qq8MVHpO#69,
00hNY,8/p7/1p3k2/8/n1K1P3/3N4/P7/8 b - - 0 44,a4c5 d3c5 b6c5 c4d5,2248,82,82,156,crushing endgame knightEndgame short,https://lichess.org/MGfDzlcO/black#88,
00hNb,5k2/pp3ppp/4p3/3p4/1Pn2q2/2P3P1/P3Qn1P/R2R3K w - - 1 30,h1g2 c4e3 e2e3 f4e3,1224,256,100,7,crushing endgame fork short,https://lichess.org/n7QzfFtZ#59,
00hSW,2R5/4b1pk/1r5p/2pPN3/1p2P3/3P4/4K1PP/8 w - - 1 39,e5d7 b4b3 d5d6 e7d6 d7b6 b3b2 b6c4 b2b1q,1945,76,94,10446,advancedPawn advantage endgame master promotion sacrifice veryLong,https://lichess.org/56G5UTGb#77,
00hVE,1K6/1p6/2k5/p7/P1p5/2P5/1P6/8 b - - 3 47,b7b5 b8a7 b5b4 a7a6,2040,76,89,269,crushing endgame master pawnEndgame short,https://lichess.org/Joug17uX/black#94,
00hYk,8/8/1n4p1/4kp1p/7P/1B2KPP1/8/8 b - - 0 54,b6d5 b3d5 e5d5 e3f4,1237,76,92,4226,crushing endgame short,https://lichess.org/rWJb7AjE/black#108,
00hbV,8/pk1r1bR1/1p6/8/2P2N2/1P6/1K6/8 b - - 21 60,f7e6 f4e6 d7g7 e6g7,1041,76,95,1576,crushing endgame hangingPiece master short,https://lichess.org/DL4VBFov/black#120,
00hsd,5k2/p4p2/1p6/3p1R2/7Q/P2Pr1KP/6P1/6q1 w - - 3 40,f5f3 g1e1 g3g4 e1h4 g4h4 e3f3,1624,77,88,68,crushing endgame long,https://lichess.org/vU9uQUNU#79,
00huW,8/3k4/p6p/1p2Q1pP/3P2b1/1PP2qP1/P3p3/1K2R3 w - - 3 44,d4d5 f3d3 b1b2 d3d2 b2a3 d2e1,1667,76,96,4430,advantage endgame fork long,https://lichess.org/twVFxiv1#87,
00i6P,1r2R2k/3P2p1/p4q1p/8/2P5/5P2/P4P1P/6K1 b - - 1 34,f6f8 e8f8 b8f8 c4c5 f8d8 c5c6,1272,77,94,2159,advantage endgame long quietMove,https://lichess.org/HxIkxV0Q/black#68,
00i8I,8/6kp/p4r2/1p6/4P3/P4R2/5KP1/8 w - - 1 48,f2e3 f6f3 e3f3 g7f6,2240,88,89,205,crushing defensiveMove endgame rookEndgame short,https://lichess.org/RTBYdREp#95,
00iAF,7k/pQ4p1/2p4p/4r3/3r1p1n/6N1/PP2R1PP/6K1 b - - 0 30,f4g3 b7b8 h8h7 b8e5,1502,86,60,37,crushing endgame fork short,https://lichess.org/r62eqxQB/black#60,
00iQD,8/8/8/3K2kp/8/2P1P3/8/8 w - - 0 50,c3c4 h5h4 d5e4 g5g4 c4c5 h4h3 e4e5 h3h2 c5c6 h2h1q,1642,74,94,12848,advancedPawn crushing endgame pawnEndgame promotion quietMove veryLong,https://lichess.org/dDMWuoiZ#99,
00ir2,8/6kp/p2P2b1/2p5/2P5/P5P1/1rPR1K2/8 b - - 0 40,b2c2 d2c2 g6c2 d6d7,1364,78,76,91,advancedPawn crushing endgame short,https://lichess.org/9dmwAePJ/black#80,
00irz,8/2r1ppk1/8/3P2pP/1Kp1Pp2/1bR5/4BP2/8 w - - 8 40,e2c4 c7c4 c3c4 b3c4 b4c4 f7f6,2780,123,87,600,crushing defensiveMove endgame long,https://lichess.org/H4eT5TpG#79,
00itj,8/1pB5/3P2k1/3r2p1/8/4PK1P/7P/8 b - - 2 42,g6f5 e3e4 f5e6 e4d5,894,100,86,48,crushing endgame fork short,https://lichess.org/LAGoAAgQ/black#84,
00j1r,8/2rkb3/1p6/6P1/5q2/3R4/Q1P1K3/8 b - - 4 37,d7c6 a2d5,1590,80,91,4286,dovetailMate endgame mate mateIn1 oneMove,https://lichess.org/2Nj3D5mV/black#74,
00j3i,5rk1/R5p1/5q1p/8/3p4/1P4Q1/P3rPPP/5RK1 w - - 2 38,g3g4 f6f2 f1f2 e2e1 f2f1 e1f1,1418,77,96,10893,endgame long mate mateIn3 sacrifice,https://lichess.org/InWtDWaB#75,
00j8L,6R1/2q2pp1/6kp/1pr5/p2Q1P2/2P3PP/1P5K/8 b - - 4 37,f7f6 d4e4 c5f5 g8f8 c7d7 g3g4,2883,92,89,184,crushing endgame long,https://lichess.org/eAtX7oiv/black#74,
00jIG,8/2p5/2B2k2/pp6/2bP1K2/P1P5/1P5p/8 w - - 0 47,c6e4 f6e6 f4g3 c4d5 g3h2 d5e4,2262,75,53,135,bishopEndgame crushing endgame long,https://lichess.org/810w8Q0F#93,
00jOm,1r6/3Pkppp/4p3/3p4/8/8/P4PPP/2R3K1 w - - 0 29,c1c8 b8b1 c8c1 b1c1,804,81,89,348,backRankMate endgame mate mateIn2 rookEndgame short,https://lichess.org/AptD0dS5#57,
